"Timestamp","Confidentiality and Privacy: We highly value your privacy. All responses you provide will be treated with strict confidentiality and anonymity. The results will only be examined in an aggregated manner. Your personal details will not be disclosed to any third parties, and the gathered data will solely be utilized for research purposes.
Voluntary Participation: Your involvement in this study is entirely optional, and you retain the right to withdraw at any point while the questionnaire is accessible for completion. However, we will appreciate if you take some time to fill it up.
Contact Information: If you have any questions or concerns regarding the study, please don't hesitate to reach out to us at mir.hossain01@northsouth.edu.
By selecting the ""I Agree"" checkbox below, you signify your voluntary consent to participate in this research study.","What is your age?","What is your Gender?","What is your Occupation?","How many hours per day, on average, do you spend on digital devices (smartphones, computers, tablets)?","Which digital device do you use most frequently? ","How often do you check your smartphone within an hour of waking up?","How often do you check your smartphone within an hour of going to bed?","Do you use technology for work or academic purposes?","How often do you use social media platforms?","How many hours per day do you typically spend watching TV or streaming services?","Do you use technology as a means of relaxation or entertainment?","What type of content do you most frequently consume online?","What emotions do you associate with your use of technology?","On a scale from 1 to 5, how would you rate your overall mental well-being currently? ","Over the past two weeks, how often have you experienced symptoms such as sadness, hopelessness, or a lack of interest or pleasure in activities?","How often do you find it difficult to concentrate or make decisions?","How would you describe the quality of your sleep over the past month?","Have you experienced changes in your appetite or weight (loss or gain) recently?","How often do you experience physical symptoms such as headaches, stomachaches, or other unexplained pains?","How would you rate your energy levels and motivation on an average day?","Do you engage in activities that you used to enjoy, or have you lost interest in them?","How often do you feel overwhelmed by stress?","Do you feel a sense of isolation or disconnection from others?","Do you have a support system or someone you feel comfortable talking to about your mental health?","How often do you engage in activities or practices that promote mental well-being (e.g., exercise, meditation, hobbies)?","Have you ever intentionally taken a break from using digital devices for a designated period (digital detox)?","If yes, how long was your longest digital detox?","What encouraged you to take a digital detox? ","How did you feel during your digital detox?","Did you set specific goals or rules for your digital detox? (e.g., no social media, no screens after a certain hour)","Would you consider making digital detox a regular practice in your life?","How did your digital detox experience impact your subsequent use of technology?","What is the biggest challenge that you faced during your digital detox, if any? ","How do you manage stress related to technology?","On a scale from 1 to 5, how effective do you find these strategies in managing stress related to technology? "," How often do you engage in physical activities (e.g., exercise, yoga) as a self-care practice to manage stress?","Are there any particular outdoor activities you find helpful in reducing stress related to technology? (e.g., walking, hiking, gardening)","What are your coping strategies for technology-related stress?"
"2023/10/10 1:55:39 AM GMT+6","I Agree","23","Male","Student","5-6 hours","Smartphone","Always","Always","Yes","Multiple times a day","Less than 1 hour","Yes","Entertainment (videos, movies, music)","Joy","3","Occasionally","Rarely","Poor","Weight loss","Never","Moderate","Have lost interest","Frequently","Yes","Yes","Occasionally","Yes","1-3 days","Improving productivity","No significant change","Yes","Yes","Used technology less","Difficulty staying disconnected","Set specific time limits for technology use","4","Frequently","No","I prefer to cope alone"
"2023/10/10 2:13:26 AM GMT+6","I Agree","23","Female","Student","More than 6 hours","Smartphone","Always","Always","Yes","Multiple times a day","Less than 1 hour","Yes","Entertainment (videos, movies, music)","Sadness","2","Almost all the time","Frequently","Good","Weight gain","Occasionally","Moderate","Have lost interest","Frequently","Yes","Yes","Frequently","Yes","Less than a day","Improving productivity","Relaxed and refreshed","Yes","Yes","No change","Social pressure to stay connected","Engage in outdoor activities","4","Occasionally","Yes","I prefer to cope alone"
"2023/10/10 10:33:43 PM GMT+6","I Agree","31","Male","Student","5-6 hours","Computer/Laptop","Always","Always","Yes","Multiple times a day","More than 6 hours","Yes","Entertainment (videos, movies, music)","Joy","1","Almost all the time","Almost all the time","Very Poor","Increased appetite","Occasionally","Very low","Have lost interest","Almost all the time","Yes","No","Rarely","No","I have never practiced digital detox","I have never practiced digital detox","I have never practiced digital detox","No","No","I have never practiced digital detox","I have never practiced digital detox","I sleep","1","Never","No","I sleep very much"
"2023/10/11 2:50:16 PM GMT+6","I Agree","23","Male","Employed (full-time)","5-6 hours","Smartphone","Always","Always","Yes","Multiple times a day","1-2 hours","Yes","Entertainment (videos, movies, music)","Joy","2","Occasionally","Frequently","Fair","Weight loss","Occasionally","Moderate","Still enjoy activities","Frequently","Yes","No","Occasionally","No","I have never practiced digital detox","I have never practiced digital detox","I have never practiced digital detox","No","Yes","I have never practiced digital detox","I have never practiced digital detox","Take short breaks from screens","2","Rarely","No","I prefer to cope alone"
"2023/10/11 3:09:49 PM GMT+6","I Agree","18","Female","Student","More than 6 hours","Smartphone","Often","Often","Yes","Multiple times a day","Less than 1 hour","Yes","Social media updates","Frustration","2","Frequently","Almost all the time","Poor","No changes","Frequently","Very low","Have lost interest","Frequently","Yes","Yes","Occasionally","Yes","1-3 days","Noticing negative effects on mental health","Relaxed and refreshed","Yes","Yes","No change","Difficulty staying disconnected","Talk to friends or family about technology-related stress","3","Rarely","Yes","I seek support from friends or family"
"2023/10/11 3:09:56 PM GMT+6","I Agree","25","Male","Employed (part-time)","5-6 hours","Smartphone","Often","Occasionally","Yes","Multiple times a day","1-2 hours","Yes","Entertainment (videos, movies, music)","Relaxation","4","Not at all","Occasionally","Fair","Increased appetite","Rarely","High","Still enjoy activities","Occasionally","No","Yes","Frequently","Yes","1-3 days","Improving productivity","Relaxed and refreshed","Yes","Yes","Used technology more mindfully","Boredom","Take short breaks from screens","4","Frequently","Yes","I seek support from friends or family"
"2023/10/11 3:13:59 PM GMT+6","I Agree","20","Male","Student","3-4 hours","Smartphone","Always","Always","Yes","Multiple times a day","Less than 1 hour","Yes","Entertainment (videos, movies, music)","Excitement","4","Occasionally","Occasionally","Good","Increased appetite","Rarely","High","Still enjoy activities","Rarely","No","No","Almost daily","Yes","1-3 days","Noticing negative effects on mental health","Relaxed and refreshed","Yes","Yes","Used technology more mindfully","Boredom","Take short breaks from screens","4","Always","Yes","I seek support from friends or family"
"2023/10/11 3:28:56 PM GMT+6","I Agree","24","Female","Student","More than 6 hours","Computer/Laptop","Always","Always","Yes","Multiple times a day","Less than 1 hour","Yes","Social media updates","Relaxation","3","Frequently","Occasionally","Poor","No changes","Frequently","Low","Have lost interest","Almost all the time","Yes","Yes","Rarely","Yes","Less than a day","Noticing negative effects on mental health","No significant change","No","No","No change","Boredom","Take short breaks from screens","3","Never","No","I prefer to cope alone"
"2023/10/11 3:30:02 PM GMT+6","I Agree","17","Female","Student","1-2 hours","Smartphone","Often","Occasionally","Yes","Multiple times a day","Less than 1 hour","Yes","Entertainment (videos, movies, music)","Excitement","3","Frequently","Occasionally","Fair","Increased appetite","Frequently","Moderate","Have lost interest","Frequently","Yes","Yes","Rarely","Yes","1-3 days","Improving productivity","Relaxed and refreshed","Yes","Yes","Used technology more mindfully","FOMO (Fear of Missing Out)","Engage in outdoor activities","3","Occasionally","Yes","I prefer to cope alone"
"2023/10/11 3:30:26 PM GMT+6","I Agree","16 years, 11 months","Male","Student","More than 6 hours","Computer/Laptop","Always","Always","Yes","Multiple times a day","Less than 1 hour","Yes","Entertainment (videos, movies, music)","Excitement","2","Frequently","Frequently","Fair","No changes","Occasionally","Low","Have lost interest","Frequently","No","Yes","Rarely","No","Less than a day","Forced by my mom","Anxious or stressed","No","No","No change","Boredom","Spending time with friends at school and coaching","4","Never","Yes","I prefer to cope alone"
"2023/10/11 3:35:19 PM GMT+6","I Agree","25","Male","Student","More than 6 hours","Smartphone","Always","Always","Yes","Multiple times a day","1-2 hours","Yes","Educational content","Stress","1","Almost all the time","Frequently","Poor","No changes","Frequently","Very low","Have lost interest","Frequently","Yes","No","Occasionally","No","I have never practiced digital detox","I have never practiced digital detox","I have never practiced digital detox","No","No","I have never practiced digital detox","FOMO (Fear of Missing Out)","Engage in outdoor activities","1","Frequently","Yes","I prefer to cope alone"
"2023/10/11 3:36:13 PM GMT+6","I Agree","18","Female","Student","3-4 hours","Smartphone","Occasionally","Always","Yes","Multiple times a day","1-2 hours","Yes","Social media updates","Relaxation","3","Frequently","Occasionally","Fair","Increased appetite","Frequently","Moderate","Still enjoy activities","Almost all the time","No","Yes","Occasionally","No","I have never practiced digital detox","I have never practiced digital detox","I have never practiced digital detox","No","No","I have never practiced digital detox","I have never practiced digital detox","Engage in outdoor activities","2","Never","Yes","I seek support from friends or family"
"2023/10/11 4:01:36 PM GMT+6","I Agree","19","Female","Student","More than 6 hours","Smartphone","Always","Always","Yes","Multiple times a day","1-2 hours","Yes","Entertainment (videos, movies, music)","Relaxation","1","Almost all the time","Occasionally","Fair","Increased appetite","Occasionally","Low","Have lost interest","Frequently","Yes","Yes","Rarely","Yes","More than a week","Curiosity or personal experiment","Anxious or stressed","No","No","No change","Boredom","Gaslighting myself ","1","Rarely","No","I prefer to cope alone"
"2023/10/11 4:04:46 PM GMT+6","I Agree","18","Female","Student","More than 6 hours","Smartphone","Always","Always","Yes","Once a day","1-2 hours","Yes","Entertainment (videos, movies, music)","Relaxation","3","Almost all the time","Occasionally","Poor","No changes","Occasionally","Moderate","Have lost interest","Occasionally","Yes","No","Rarely","No","I have never practiced digital detox","I have never practiced digital detox","I have never practiced digital detox","No","Yes","I have never practiced digital detox","I have never practiced digital detox","Take short breaks from screens","3","Rarely","No","I prefer to cope alone"
"2023/10/11 4:17:50 PM GMT+6","I Agree","18","Male","Student","More than 6 hours","Smartphone","Always","Always","Yes","Multiple times a day","3-4 hours","Yes","Entertainment (videos, movies, music)","Relaxation","2","Occasionally","Occasionally","Poor","No changes","Occasionally","Moderate","Still enjoy activities","Occasionally","Yes","No","Occasionally","Yes","Less than a day","Improving productivity","No significant change","No","No","No change","Boredom","Engage in outdoor activities","3","Occasionally","Yes","I seek support from friends or family"
"2023/10/11 4:33:52 PM GMT+6","I Agree","29","Female","Employed (full-time)","5-6 hours","Smartphone","Always","Always","Yes","Multiple times a day","Less than 1 hour","Yes","Entertainment (videos, movies, music)","Stress","1","Almost all the time","Almost all the time","Fair","Weight loss","Frequently","Low","Have lost interest","Almost all the time","Yes","No","Rarely","Yes","More than a week","Feeling overwhelmed or stressed","Anxious or stressed","Yes","Yes","Used technology more mindfully","FOMO (Fear of Missing Out)","Take short breaks from screens","3","Frequently","Yes","I prefer to cope alone"
"2023/10/11 4:40:04 PM GMT+6","I Agree","18","Male","Student","5-6 hours","Computer/Laptop","Always","Always","Yes","Multiple times a day","Less than 1 hour","Yes","Entertainment (videos, movies, music)","Relaxation","4","Occasionally","Occasionally","Good","Weight gain","Occasionally","Very High","Still enjoy activities","Occasionally","No","Yes","Occasionally","Yes","4-7 days","Improving productivity","No significant change","Yes","Yes","Used technology less","FOMO (Fear of Missing Out)","Take short breaks from screens","4","Never","Yes","I prefer to cope alone"
"2023/10/11 4:40:54 PM GMT+6","I Agree","17","Female","Student","5-6 hours","Tablet","Always","Always","Yes","Multiple times a day","Less than 1 hour","Yes","Entertainment (videos, movies, music)","Relaxation","2","Frequently","Frequently","Fair","Increased appetite","Frequently","Moderate","Still enjoy activities","Frequently","Yes","Yes","Rarely","Yes","Less than a day","Was having headaches ","Relaxed and refreshed","Yes","Yes","No change","None, it was easy and enjoyable","Set specific time limits for technology use","3","Never","Yes","I prefer to cope alone"
"2023/10/11 4:52:02 PM GMT+6","I Agree","28","Male","Unemployed","3-4 hours","Computer/Laptop","Often","Often","Yes","Multiple times a day","1-2 hours","Yes","Entertainment (videos, movies, music)","Relaxation","4","Occasionally","Occasionally","Good","No changes","Rarely","Moderate","Still enjoy activities","Frequently","Yes","No","Rarely","Yes","Less than a day","Focusing on in-person relationships","No significant change","No","Yes","No change","None, it was easy and enjoyable","Take short breaks from screens","3","Frequently","Yes","I prefer to cope alone"
"2023/10/11 5:20:40 PM GMT+6","I Agree","31","Female","Homemaker","3-4 hours","Smartphone","Always","Always","No","Multiple times a day","1-2 hours","Yes","Entertainment (videos, movies, music)","Joy","5","Occasionally","Occasionally","Good","No changes","Rarely","High","Still enjoy activities","Frequently","No","Yes","Almost daily","No","I have never practiced digital detox","I have never practiced digital detox","I have never practiced digital detox","No","No","I have never practiced digital detox","I have never practiced digital detox","Take short breaks from screens","1","Always","Yes","I prefer to cope alone"
"2023/10/11 5:26:12 PM GMT+6","I Agree","25","Female","Employed (full-time)","3-4 hours","Smartphone","Occasionally","Occasionally","Yes","Multiple times a day","Less than 1 hour","Yes","Entertainment (videos, movies, music)","Relaxation","3","Occasionally","Occasionally","Poor","Increased appetite","Frequently","Moderate","Have lost interest","Occasionally","Yes","Yes","Occasionally","Yes","1-3 days","Noticing negative effects on mental health","Relaxed and refreshed","Yes","No","Used technology more mindfully","FOMO (Fear of Missing Out)","Practice mindfulness or meditation","3","Occasionally","Yes","I prefer to cope alone"
"2023/10/11 5:38:45 PM GMT+6","I Agree","18","Male","Student","More than 6 hours","Computer/Laptop","Always","Always","Yes","Multiple times a day","1-2 hours","Yes","Entertainment (videos, movies, music)","Joy","2","Frequently","Rarely","Very Poor","No changes","Rarely","High","Still enjoy activities","Occasionally","No","No","Rarely","No","Less than a day","N","Anxious or stressed","No","No","I have never practiced digital detox","I have never practiced digital detox","Engage in outdoor activities","1","Frequently","Yes","I prefer to cope alone"
"2023/10/11 5:45:06 PM GMT+6","I Agree","20","Male","Student","More than 6 hours","Smartphone","Always","Always","Yes","Multiple times a day","1-2 hours","Yes","Entertainment (videos, movies, music)","Stress","4","Occasionally","Rarely","Good","No changes","Occasionally","Very low","Still enjoy activities","Occasionally","No","Yes","Occasionally","Yes","Less than a day","Improving productivity","Relaxed and refreshed","Yes","Yes","Used technology less","FOMO (Fear of Missing Out)","Take short breaks from screens","4","Rarely","Yes","I seek support from friends or family"
"2023/10/11 6:21:01 PM GMT+6","I Agree","22","Male","Student","More than 6 hours","Smartphone","Always","Always","Yes","Multiple times a day","Less than 1 hour","Yes","Entertainment (videos, movies, music)","Relaxation","5","Not at all","Occasionally","Good","No changes","Rarely","Very High","Still enjoy activities","Rarely","Yes","Yes","Rarely","No","I have never practiced digital detox","I have never practiced digital detox","I have never practiced digital detox","No","Yes","I have never practiced digital detox","I have never practiced digital detox","Take short breaks from screens","4","Never","No","I prefer to cope alone"
"2023/10/11 6:39:48 PM GMT+6","I Agree","23","Male","Student","More than 6 hours","Smartphone","Always","Often","Yes","Multiple times a day","3-4 hours","Yes","Entertainment (videos, movies, music)","Relaxation","3","Occasionally","Rarely","Good","No changes","Occasionally","Moderate","Have lost interest","Rarely","Yes","Yes","Rarely","Yes","Less than a day","Focusing on in-person relationships","No significant change","No","Yes","Used technology less","FOMO (Fear of Missing Out)","Talk to friends or family about technology-related stress","4","Rarely","Yes","I seek support from friends or family"
"2023/10/11 6:48:56 PM GMT+6","I Agree","21","Male","Student","More than 6 hours","Smartphone","Always","Often","Yes","Multiple times a day","Less than 1 hour","Yes","News and information","Excitement","2","Frequently","Almost all the time","Fair","Weight loss","Occasionally","Very low","Have lost interest","Frequently","Yes","Yes","Rarely","Yes","1-3 days","Improving productivity","Relaxed and refreshed","No","Yes","Used technology more mindfully","None, it was easy and enjoyable","Set specific time limits for technology use","4","Rarely","No","I seek support from friends or family"
"2023/10/11 7:01:54 PM GMT+6","I Agree","23","Male","Student","5-6 hours","Computer/Laptop","Always","Always","Yes","Multiple times a day","Less than 1 hour","Yes","News and information","Relaxation","3","Almost all the time","Frequently","Poor","Increased appetite","Occasionally","Low","Have lost interest","Frequently","Yes","Yes","Frequently","Yes","1-3 days","Focusing on in-person relationships","Relaxed and refreshed","Yes","Yes","Used technology more mindfully","FOMO (Fear of Missing Out)","Take short breaks from screens","3","Frequently","Yes","I seek support from friends or family"
"2023/10/11 7:08:02 PM GMT+6","I Agree","20","Male","Student","More than 6 hours","Computer/Laptop","Always","Always","Yes","Multiple times a day","Less than 1 hour","Yes","Entertainment (videos, movies, music)","Joy","3","Frequently","Occasionally","Poor","Weight loss","Occasionally","Low","Have lost interest","Occasionally","Yes","No","Rarely","Yes","1-3 days","Noticing negative effects on mental health","Anxious or stressed","No","No","No change","Difficulty staying disconnected","Take short breaks from screens","2","Rarely","Yes","I prefer to cope alone"
"2023/10/11 7:09:29 PM GMT+6","I Agree","24","Male","Employed (part-time)","5-6 hours","Smartphone","Always","Always","Yes","Multiple times a day","1-2 hours","Yes","All","Relaxation","4","Occasionally","Occasionally","Poor","No changes","Occasionally","Moderate","Still enjoy activities","Occasionally","No","Yes","Occasionally","Yes","1-3 days","Improving productivity","Relaxed and refreshed","Yes","Yes","No change","Social pressure to stay connected","Take short breaks from screens","4","Occasionally","Yes","I prefer to cope alone"
"2023/10/11 7:11:45 PM GMT+6","I Agree","23","Male","Student","More than 6 hours","Smartphone","Often","Rarely","Yes","Multiple times a day","Less than 1 hour","Yes","News and information","Relaxation","1","Almost all the time","Frequently","Poor","Loss of appetite","Almost all the time","Very low","Have lost interest","Almost all the time","Yes","No","Rarely","Yes","More than a week","Improving productivity","Relaxed and refreshed","Yes","Yes","Used technology less","FOMO (Fear of Missing Out)","Engage in outdoor activities","3","Occasionally","Yes","I attend social events or gatherings"
"2023/10/11 7:29:38 PM GMT+6","I Agree","23","Male","Student","More than 6 hours","Smartphone","Always","Always","Yes","Multiple times a day","1-2 hours","Yes","Entertainment (videos, movies, music)","Joy","3","Occasionally","Never","Fair","Weight gain","Occasionally","Moderate","Have lost interest","Occasionally","Yes","Yes","Occasionally","Yes","More than a week","Curiosity or personal experiment","Anxious or stressed","No","No","No change","FOMO (Fear of Missing Out)","Engage in outdoor activities","3","Frequently","Yes","I prefer to cope alone"
"2023/10/11 8:12:15 PM GMT+6","I Agree","18","Female","Student","3-4 hours","Computer/Laptop","Occasionally","Often","Yes","Multiple times a day","Less than 1 hour","Yes","Entertainment (videos, movies, music)","Frustration","3","Frequently","Occasionally","Poor","Weight loss","Rarely","Moderate","Still enjoy activities","Occasionally","Yes","No","Rarely","Yes","1-3 days","Curiosity or personal experiment","No significant change","Yes","Yes","Used technology more mindfully","Boredom","Set specific time limits for technology use","3","Rarely","Yes","I prefer to cope alone"
"2023/10/11 8:37:47 PM GMT+6","I Agree","18","Female","Student","More than 6 hours","Smartphone","Always","Always","Yes","Multiple times a day","Less than 1 hour","Yes","Entertainment (videos, movies, music)","Relaxation","3","Occasionally","Occasionally","Poor","Increased appetite","Occasionally","Low","Have lost interest","Frequently","Yes","No","Occasionally","No","I have never practiced digital detox","I have never practiced digital detox","I have never practiced digital detox","No","Yes","I have never practiced digital detox","I have never practiced digital detox","Take short breaks from screens","2","Occasionally","No","I prefer to cope alone"
"2023/10/11 8:39:16 PM GMT+6","I Agree","18","Female","Student","More than 6 hours","Smartphone","Always","Always","Yes","Multiple times a day","Less than 1 hour","Yes","Entertainment (videos, movies, music)","Relaxation","1","Almost all the time","Frequently","Fair","Weight loss","Frequently","Moderate","Have lost interest","Frequently","Yes","No","Rarely","No","I have never practiced digital detox","Improving productivity","No significant change","No","No","No change","Boredom","Take short breaks from screens","2","Never","No","I prefer to cope alone"
"2023/10/11 8:43:45 PM GMT+6","I Agree","18","Female","Student","5-6 hours","Smartphone","Always","Always","Yes","Multiple times a day","Less than 1 hour","Yes","Entertainment (videos, movies, music)","Anxiety","2","Occasionally","Almost all the time","Poor","Loss of appetite","Frequently","Moderate","Have lost interest","Occasionally","Yes","No","Occasionally","Yes","More than a week","Improving productivity","Relaxed and refreshed","Yes","Yes","Used technology more mindfully","Social pressure to stay connected","Engage in outdoor activities","2","Occasionally","Yes","I attend social events or gatherings"
"2023/10/11 8:56:24 PM GMT+6","I Agree","18","Female","Student","5-6 hours","Smartphone","Occasionally","Occasionally","Yes","Multiple times a day","1-2 hours","Yes","Entertainment (videos, movies, music)","Joy","3","Frequently","Occasionally","Fair","Increased appetite","Rarely","High","Have lost interest","Frequently","No","No","Occasionally","Yes","Less than a day","Improving productivity","No significant change","Yes","Yes","Used technology more mindfully","None, it was easy and enjoyable","Engage in conversations with parents about anything but technology and mental health","3","Rarely","Yes","I prefer to cope alone"
"2023/10/11 9:01:27 PM GMT+6","I Agree","22","Male","Student","3-4 hours","Smartphone","Occasionally","Occasionally","Yes","Multiple times a day","Less than 1 hour","Yes","Entertainment (videos, movies, music)","Relaxation","2","Occasionally","Never","Poor","No changes","Rarely","Moderate","Still enjoy activities","Occasionally","Yes","Yes","Occasionally","Yes","Less than a day","Focusing on in-person relationships","Anxious or stressed","Yes","Yes","Used technology more mindfully","Boredom","Practice mindfulness or meditation","3","Frequently","Yes","I prefer to cope alone"
"2023/10/11 9:10:22 PM GMT+6","I Agree","18","Male","Student","5-6 hours","Smartphone","Always","Always","Yes","Multiple times a day","Less than 1 hour","Yes","Entertainment (videos, movies, music)","Frustration","3","Occasionally","Frequently","Good","Weight loss","Occasionally","Low","Have lost interest","Occasionally","Yes","No","Frequently","No","I have never practiced digital detox","I have never practiced digital detox","I have never practiced digital detox","No","Yes","I have never practiced digital detox","I have never practiced digital detox","Take short breaks from screens","4","Occasionally","No","I prefer to cope alone"
"2023/10/11 9:11:41 PM GMT+6","I Agree","17","Female","Student","More than 6 hours","Smartphone","Often","Always","Yes","Multiple times a day","Less than 1 hour","Yes","Entertainment (videos, movies, music)","Joy","4","Not at all","Rarely","Poor","No changes","Occasionally","Moderate","Still enjoy activities","Rarely","Yes","No","Rarely","No","I have never practiced digital detox","I have never practiced digital detox","I have never practiced digital detox","No","No","I have never practiced digital detox","I have never practiced digital detox","Talk to friends or family about technology-related stress","2","Never","No","I prefer to cope alone"
"2023/10/11 9:26:23 PM GMT+6","I Agree","18","Male","Student","5-6 hours","Smartphone","Always","Always","Yes","Multiple times a day","1-2 hours","Yes","Entertainment (videos, movies, music)","Anxiety","1","Almost all the time","Frequently","Fair","Weight loss","Frequently","Very low","Have lost interest","Frequently","Yes","No","Occasionally","No","I have never practiced digital detox","I have never practiced digital detox","I have never practiced digital detox","No","Yes","I have never practiced digital detox","I have never practiced digital detox","Take short breaks from screens","2","Occasionally","No","I prefer to cope alone"
"2023/10/11 9:26:41 PM GMT+6","I Agree","19","Male","Student","3-4 hours","Smartphone","Often","Always","Yes","Multiple times a day","Less than 1 hour","Yes","Entertainment (videos, movies, music)","Joy","3","Frequently","Occasionally","Good","No changes","Occasionally","High","Still enjoy activities","Rarely","Yes","Yes","Occasionally","No","I have never practiced digital detox","I have never practiced digital detox","I have never practiced digital detox","No","No","I have never practiced digital detox","I have never practiced digital detox","Take short breaks from screens","3","Rarely","No","I seek support from friends or family"
"2023/10/11 9:30:40 PM GMT+6","I Agree","22","Male","Student","More than 6 hours","Computer/Laptop","Always","Always","Yes","Multiple times a day","1-2 hours","No","Educational content","Excitement","5","Occasionally","Frequently","Fair","No changes","Rarely","Moderate","Still enjoy activities","Occasionally","Yes","Yes","Almost daily","Yes","Less than a day","Improving productivity","Relaxed and refreshed","Yes","Yes","Used technology more mindfully","Boredom","Take short breaks from screens","4","Rarely","Yes","I seek support from friends or family"
"2023/10/11 9:31:35 PM GMT+6","I Agree","16","Female","Student","More than 6 hours","Computer/Laptop","Rarely","Always","Yes","Several times a week","3-4 hours","Yes","Entertainment (videos, movies, music)","Joy","2","Almost all the time","Frequently","Fair","Weight loss","Occasionally","Low","Still enjoy activities","Frequently","Yes","Yes","Rarely","Yes","Less than a day","Improving productivity","No significant change","No","No","No change","Boredom","Take short breaks from screens","2","Never","No","I prefer to cope alone"
"2023/10/11 9:41:32 PM GMT+6","I Agree","18","Male","Student","5-6 hours","Computer/Laptop","Often","Always","Yes","Multiple times a day","1-2 hours","Yes","Entertainment, social media updates, educational content, news and information","Joy","4","Occasionally","Rarely","Good","Increased appetite","Occasionally","High","Still enjoy activities","Frequently","Yes","Yes","Rarely","Yes","1-3 days","Noticing negative effects on mental health","Anxious or stressed","Yes","No","Used technology more mindfully","FOMO (Fear of Missing Out)","Engage in outdoor activities","3","Frequently","Yes","I attend social events or gatherings"
"2023/10/11 10:02:11 PM GMT+6","I Agree","18","Female","Student","More than 6 hours","Smartphone","Always","Always","Yes","Multiple times a day","Less than 1 hour","Yes","Entertainment (videos, movies, music)","Sadness","1","Almost all the time","Frequently","Very Poor","Loss of appetite","Occasionally","Very low","Have lost interest","Frequently","Yes","No","Occasionally","Yes","Less than a day","Feeling overwhelmed or stressed","Anxious or stressed","Yes","No","Used technology more mindfully","Difficulty staying disconnected","Take short breaks from screens","4","Occasionally","Yes","I prefer to cope alone"
"2023/10/11 10:10:36 PM GMT+6","I Agree","24","Others","Employed (full-time)","5-6 hours","Smartphone","Often","Often","Yes","Multiple times a day","1-2 hours","Yes","Entertainment (videos, movies, music)","Joy","3","Occasionally","Occasionally","Poor","Weight gain","Rarely","Moderate","Still enjoy activities","Occasionally","No","Yes","Frequently","No","I have never practiced digital detox","I have never practiced digital detox","I have never practiced digital detox","No","No","I have never practiced digital detox","I have never practiced digital detox","Engage in outdoor activities","3","Frequently","Yes","I attend social events or gatherings"
"2023/10/11 10:14:04 PM GMT+6","I Agree","16","Female","Student","5-6 hours","Computer/Laptop","Always","Always","Yes","Multiple times a day","Less than 1 hour","Yes","Entertainment (videos, movies, music)","Relaxation","2","Almost all the time","Occasionally","Poor","Loss of appetite","Rarely","High","Still enjoy activities","Frequently","No","No","Occasionally","Yes","More than a week","Focusing on in-person relationships","No significant change","Yes","No","No change","Boredom","Unplug from technology for a designated period","4","Rarely","No","I attend social events or gatherings"
"2023/10/11 10:22:19 PM GMT+6","I Agree","18","Female","Student","5-6 hours","Smartphone","Always","Always","Yes","Multiple times a day","Less than 1 hour","No","Entertainment (videos, movies, music)","Frustration","3","Almost all the time","Frequently","Fair","Loss of appetite","Frequently","Low","Have lost interest","Frequently","Yes","Yes","Occasionally","Yes","Less than a day","Improving productivity","No significant change","No","Yes","No change","Boredom","Take short breaks from screens","1","Occasionally","No","I prefer to cope alone"
"2023/10/11 10:45:37 PM GMT+6","I Agree","24","Male","Student","5-6 hours","Smartphone","Always","Always","Yes","Multiple times a day","1-2 hours","Yes","Entertainment (videos, movies, music)","Relaxation","4","Occasionally","Rarely","Fair","Increased appetite","Rarely","High","Still enjoy activities","Frequently","No","Yes","Occasionally","Yes","4-7 days","Improving productivity","No significant change","No","Yes","Used technology more mindfully","Boredom","Take short breaks from screens","3","Frequently","No","I attend social events or gatherings"
"2023/10/11 11:17:09 PM GMT+6","I Agree","32","Female","Employed (full-time)","More than 6 hours","Computer/Laptop","Occasionally","Always","Yes","Multiple times a day","Less than 1 hour","Yes","Work-related content","Frustration","1","Frequently","Occasionally","Poor","Loss of appetite","Occasionally","Moderate","Have lost interest","Almost all the time","No","Yes","Rarely","Yes","1-3 days","Feeling overwhelmed or stressed","No significant change","No","Yes","No change","Difficulty staying disconnected","Engage in outdoor activities","2","Rarely","Yes","I seek support from friends or family"
"2023/10/11 11:52:50 PM GMT+6","I Agree","19","Others","Employed (full-time)","3-4 hours","Smartphone","Often","Rarely","Yes","Multiple times a day","Less than 1 hour","Yes","Educational content","Relaxation","2","Frequently","Occasionally","Excellent","Increased appetite","Rarely","High","Still enjoy activities","Frequently","No","No","Rarely","Yes","4-7 days","Improving productivity","Relaxed and refreshed","Yes","Yes","Used technology less","None, it was easy and enjoyable","Engage in outdoor activities","2","Rarely","Yes","I seek support from friends or family"
"2023/10/12 12:09:00 AM GMT+6","I Agree","22","Male","Student","More than 6 hours","Smartphone","Always","Always","Yes","Multiple times a day","Less than 1 hour","Yes","Entertainment (videos, movies, music)","Relaxation","3","Occasionally","Rarely","Good","No changes","Rarely","Moderate","Still enjoy activities","Frequently","No","Yes","Almost daily","Yes","4-7 days","Improving productivity","Relaxed and refreshed","Yes","Yes","Used technology more mindfully","FOMO (Fear of Missing Out)","Engage in outdoor activities","4","Always","Yes","I prefer to cope alone"
"2023/10/12 2:16:12 AM GMT+6","I Agree","22","Male","Student","More than 6 hours","Smartphone","Always","Always","Yes","Multiple times a day","Less than 1 hour","Yes","Entertainment (videos, movies, music)","Relaxation","4","Occasionally","Frequently","Fair","No changes","Rarely","Moderate","Have lost interest","Occasionally","Yes","Yes","Frequently","No","I have never practiced digital detox","I have never practiced digital detox","I have never practiced digital detox","No","Yes","I have never practiced digital detox","I have never practiced digital detox","Do something else","3","Rarely","Yes","I prefer to cope alone"
"2023/10/12 12:49:46 PM GMT+6","I Agree","24","Male","Student","More than 6 hours","Smartphone","Often","Occasionally","Yes","Multiple times a day","Less than 1 hour","No","Educational content","Anxiety","1","Frequently","Rarely","Very Poor","No changes","Occasionally","Moderate","Have lost interest","Frequently","Yes","No","Frequently","Yes","4-7 days","Improving productivity","Anxious or stressed","Yes","No","Used technology more mindfully","None, it was easy and enjoyable","Engage in outdoor activities","3","Never","Yes","I participate in online communities or forums"
"2023/10/12 2:29:21 PM GMT+6","I Agree","23","Male","Student","3-4 hours","Computer/Laptop","Often","Occasionally","Yes","Once a day","3-4 hours","Yes","Social media updates","Excitement","3","Not at all","Rarely","Fair","Loss of appetite","Occasionally","Moderate","Have lost interest","Rarely","Yes","Yes","Occasionally","Yes","1-3 days","Focusing on in-person relationships","Relaxed and refreshed","Yes","Yes","Used technology less","FOMO (Fear of Missing Out)","Set specific time limits for technology use","1","Rarely","Yes","I seek support from friends or family"
"2023/10/12 5:00:45 PM GMT+6","I Agree","23","Female","Student","More than 6 hours","Computer/Laptop","Always","Always","Yes","Multiple times a day","1-2 hours","Yes","Entertainment (videos, movies, music)","Anxiety","2","Frequently","Occasionally","Fair","Weight gain","Frequently","Moderate","Still enjoy activities","Almost all the time","No","Yes","Rarely","No","I have never practiced digital detox","I have never practiced digital detox","I have never practiced digital detox","No","No","I have never practiced digital detox","I have never practiced digital detox","I avoid the mediums which trigger the stress or find a solution which can help to improve it.","4","Occasionally","Yes","I prefer to cope alone"
"2023/10/12 5:11:48 PM GMT+6","I Agree","32","Male","Employed (full-time)","More than 6 hours","Computer/Laptop","Often","Often","Yes","Multiple times a day","Less than 1 hour","Yes","News and information","Relaxation","4","Occasionally","Occasionally","Very Poor","Loss of appetite","Rarely","Moderate","Still enjoy activities","Occasionally","Yes","Yes","Occasionally","No","4-7 days","Improving productivity","Relaxed and refreshed","Yes","Yes","No change","Boredom","Take short breaks from screens","4","Frequently","Yes","I seek support from friends or family"
"2023/10/12 5:35:33 PM GMT+6","I Agree","26","Male","Employed (full-time)","More than 6 hours","Computer/Laptop","Always","Always","Yes","Multiple times a day","5-6 hours","Yes","Entertainment (videos, movies, music)","Relaxation","2","Occasionally","Frequently","Fair","No changes","Rarely","Moderate","Still enjoy activities","Almost all the time","Yes","No","Occasionally","No","I have never practiced digital detox","I have never practiced digital detox","I have never practiced digital detox","No","No","I have never practiced digital detox","I have never practiced digital detox","Engage in outdoor activities","5","Occasionally","Yes","I attend social events or gatherings"
"2023/10/12 7:12:50 PM GMT+6","I Agree","24","Male","Student","3-4 hours","Smartphone","Often","Often","Yes","Multiple times a day","Less than 1 hour","Yes","News and information","Joy","1","Not at all","Never","Excellent","No changes","Never","Very low","Still enjoy activities","Rarely","Yes","Yes","Rarely","Yes","Less than a day","Feeling overwhelmed or stressed","Relaxed and refreshed","Yes","Yes","Used technology less","FOMO (Fear of Missing Out)","Take short breaks from screens","1","Never","Yes","I prefer to cope alone"
"2023/10/12 7:25:17 PM GMT+6","I Agree","23","Male","Student","5-6 hours","Smartphone","Often","Always","Yes","Multiple times a day","1-2 hours","Yes","Entertainment (videos, movies, music)","Relaxation","3","Almost all the time","Almost all the time","Very Poor","Increased appetite","Frequently","Moderate","Still enjoy activities","Occasionally","No","No","Frequently","No","I have never practiced digital detox","I have never practiced digital detox","I have never practiced digital detox","No","Yes","Used technology less","FOMO (Fear of Missing Out)","Engage in outdoor activities","1","Frequently","Yes","I seek support from friends or family"
"2023/10/12 7:39:22 PM GMT+6","I Agree","24","Male","Student","3-4 hours","Smartphone","Always","Always","Yes","Multiple times a day","1-2 hours","Yes","Social media updates","Relaxation","3","Not at all","Occasionally","Good","Weight gain","Frequently","Moderate","Have lost interest","Almost all the time","No","No","Rarely","Yes","More than a week","Improving productivity","No significant change","No","Yes","No change","Difficulty staying disconnected","Engage in outdoor activities","4","Rarely","Yes","I prefer to cope alone"
"2023/10/12 7:58:41 PM GMT+6","I Agree","24","Female","Employed (part-time)","More than 6 hours","Computer/Laptop","Often","Always","Yes","Multiple times a day","1-2 hours","Yes","Entertainment (videos, movies, music)","Joy","4","Occasionally","Never","Good","Weight gain","Occasionally","High","Still enjoy activities","Occasionally","No","Yes","Rarely","No","I have never practiced digital detox","I have never practiced digital detox","I have never practiced digital detox","No","No","I have never practiced digital detox","I have never practiced digital detox","Practice mindfulness or meditation","4","Rarely","No","I seek support from friends or family"
"2023/10/12 7:58:58 PM GMT+6","I Agree","24","Male","Student","More than 6 hours","Smartphone","Often","Often","Yes","Multiple times a day","Less than 1 hour","Yes","Sports","Relaxation","3","Frequently","Occasionally","Good","No changes","Never","Moderate","Still enjoy activities","Rarely","Yes","Yes","Occasionally","No","Less than a day","I have never practiced digital detox","I have never practiced digital detox","No","No","I have never practiced digital detox","I have never practiced digital detox","Take short breaks from screens","5","Occasionally","Yes","I prefer to cope alone"
"2023/10/12 8:00:47 PM GMT+6","I Agree","25","Male","Student","1-2 hours","Smartphone","Always","Always","Yes","Multiple times a day","Less than 1 hour","Yes","News and information","Excitement","5","Occasionally","Rarely","Excellent","No changes","Rarely","Very High","Still enjoy activities","Rarely","No","Yes","Occasionally","Yes","1-3 days","Improving productivity","Relaxed and refreshed","Yes","Yes","Used technology less","Difficulty staying disconnected","Engage in outdoor activities","5","Frequently","Yes","I attend social events or gatherings"
"2023/10/12 8:02:29 PM GMT+6","I Agree","23","Male","Student","5-6 hours","Computer/Laptop","Often","Often","Yes","Once a day","Less than 1 hour","Yes","Work-related content","Joy","1","Almost all the time","Occasionally","Poor","Weight loss","Occasionally","Moderate","Still enjoy activities","Frequently","Yes","Yes","Occasionally","Yes","1-3 days","Noticing negative effects on mental health","Relaxed and refreshed","Yes","Yes","Used technology more mindfully","Difficulty staying disconnected","Take short breaks from screens","4","Occasionally","Yes","I prefer to cope alone"
"2023/10/12 8:04:43 PM GMT+6","I Agree","24","Male","Student","3-4 hours","Computer/Laptop","Always","Occasionally","Yes","Multiple times a day","Less than 1 hour","Yes","Entertainment (videos, movies, music)","Relaxation","2","Occasionally","Rarely","Fair","Weight gain","Occasionally","Moderate","Still enjoy activities","Occasionally","Yes","No","Rarely","Yes","Less than a day","Focusing on in-person relationships","No significant change","No","No","Used technology less","Boredom","Engage in outdoor activities","4","Rarely","Yes","I seek support from friends or family"
"2023/10/12 8:21:30 PM GMT+6","I Agree","22","Male","Student","5-6 hours","Smartphone","Always","Often","Yes","Multiple times a day","Less than 1 hour","Yes","Entertainment (videos, movies, music)","Relaxation","3","Occasionally","Frequently","Poor","Weight gain","Occasionally","Moderate","Still enjoy activities","Frequently","Yes","Yes","Occasionally","Yes","Less than a day","Improving productivity","Anxious or stressed","Yes","Yes","No change","Difficulty staying disconnected","Take short breaks from screens","4","Rarely","No","I prefer to cope alone"
"2023/10/12 8:22:48 PM GMT+6","I Agree","22","Female","Student","More than 6 hours","Computer/Laptop","Always","Always","Yes","Multiple times a day","Less than 1 hour","Yes","Entertainment (videos, movies, music)","Relaxation","5","Not at all","Occasionally","Good","No changes","Rarely","High","Still enjoy activities","Occasionally","No","Yes","Rarely","Yes","Less than a day","Focusing on in-person relationships","Relaxed and refreshed","No","Yes","No change","None, it was easy and enjoyable","Take short breaks from screens","3","Never","Yes","I prefer to cope alone"
"2023/10/12 9:06:11 PM GMT+6","I Agree","18","Male","Student","3-4 hours","Smartphone","Always","Always","Yes","Multiple times a day","Less than 1 hour","No","Entertainment (videos, movies, music)","Joy","3","Occasionally","Occasionally","Good","No changes","Rarely","High","Still enjoy activities","Rarely","No","Yes","Occasionally","No","I have never practiced digital detox","I have never practiced digital detox","I have never practiced digital detox","No","No","I have never practiced digital detox","I have never practiced digital detox","Take short breaks from screens","2","Frequently","Yes","I attend social events or gatherings"
"2023/10/12 10:46:23 PM GMT+6","I Agree","23","Female","Student","5-6 hours","Smartphone","Always","Always","Yes","Multiple times a day","Less than 1 hour","Yes","Entertainment (videos, movies, music)","Relaxation","4","Occasionally","Occasionally","Good","No changes","Rarely","Low","Have lost interest","Frequently","Yes","Yes","Occasionally","No","I have never practiced digital detox","I have never practiced digital detox","I have never practiced digital detox","Yes","Yes","Used technology less","I have never practiced digital detox","Take short breaks from screens","3","Rarely","No","I seek support from friends or family"
"2023/10/12 10:48:04 PM GMT+6","I Agree","22","Male","Student","5-6 hours","Smartphone","Always","Always","Yes","Multiple times a day","Less than 1 hour","Yes","News and information","Joy","2","Frequently","Almost all the time","Fair","Loss of appetite","Occasionally","Low","Still enjoy activities","Frequently","No","No","Occasionally","Yes","Less than a day","Improving productivity","No significant change","Yes","Yes","No change","Social pressure to stay connected","Engage in outdoor activities","5","Occasionally","Yes","I seek support from friends or family"
"2023/10/12 10:52:03 PM GMT+6","I Agree","25","Male","Student","More than 6 hours","Smartphone","Often","Often","Yes","Multiple times a day","Less than 1 hour","Yes","Entertainment (videos, movies, music)","Excitement","2","Frequently","Frequently","Fair","No changes","Rarely","Low","Have lost interest","Occasionally","No","No","Rarely","No","I have never practiced digital detox","I have never practiced digital detox","I have never practiced digital detox","No","Yes","I have never practiced digital detox","I have never practiced digital detox","Engage in outdoor activities","3","Rarely","Yes","I prefer to cope alone"
"2023/10/12 11:00:36 PM GMT+6","I Agree","23","Male","Student","More than 6 hours","Computer/Laptop","Often","Often","Yes","Multiple times a day","Less than 1 hour","Yes","Entertainment (videos, movies, music)","Relaxation","2","Frequently","Frequently","Very Poor","Weight loss","Occasionally","Moderate","Have lost interest","Frequently","Yes","Yes","Occasionally","Yes","1-3 days","Improving productivity","Boring","Yes","Yes","Used technology more mindfully","Boredom","Engage in outdoor activities","3","Occasionally","Yes","I seek support from friends or family"
"2023/10/12 11:00:45 PM GMT+6","I Agree","23","Female","Student","3-4 hours","Smartphone","Always","Always","Yes","Multiple times a day","1-2 hours","Yes","Entertainment (videos, movies, music)","Joy","3","Occasionally","Rarely","Poor","Weight gain","Rarely","Moderate","Still enjoy activities","Frequently","Yes","Yes","Rarely","No","Less than a day","I have never practiced digital detox","I have never practiced digital detox","No","No","I have never practiced digital detox","I have never practiced digital detox","Take short breaks from screens","2","Rarely","Yes","I seek support from friends or family"
"2023/10/12 11:10:11 PM GMT+6","I Agree","20","Female","Student","3-4 hours","Smartphone","Rarely","Always","Yes","Multiple times a day","Less than 1 hour","Yes","News and information","Relaxation","5","Occasionally","Frequently","Good","Weight loss","Rarely","Moderate","Still enjoy activities","Occasionally","No","Yes","Occasionally","Yes","More than a week","Improving productivity","Relaxed and refreshed","Yes","Yes","No change","None, it was easy and enjoyable","Engage in outdoor activities","2","Occasionally","Yes","hangouts or travelling "
"2023/10/12 11:42:51 PM GMT+6","I Agree","23","Male","Student","3-4 hours","Smartphone","Often","Always","Yes","Multiple times a day","Less than 1 hour","Yes","Entertainment (videos, movies, music)","Joy","5","Not at all","Never","Good","No changes","Rarely","Moderate","Still enjoy activities","Rarely","No","Yes","Occasionally","No","I have never practiced digital detox","I have never practiced digital detox","I have never practiced digital detox","No","No","I have never practiced digital detox","I have never practiced digital detox","Take short breaks from screens","5","Rarely","Yes","I seek support from friends or family"
"2023/10/12 11:47:14 PM GMT+6","I Agree","23+","Male","Employed (part-time)","5-6 hours","Smartphone","Often","Often","Yes","Multiple times a day","1-2 hours","Yes","News and information","Joy","3","Occasionally","Occasionally","Fair","No changes","Rarely","Low","Still enjoy activities","Occasionally","Yes","No","Occasionally","Yes","Less than a day","Noticing negative effects on mental health","Relaxed and refreshed","Yes","Yes","No change","Difficulty staying disconnected","Take short breaks from screens","2","Rarely","Yes","I seek support from friends or family"
"2023/10/13 12:40:21 AM GMT+6","I Agree","23","Male","Employed (full-time)","More than 6 hours","Computer/Laptop","Always","Always","Yes","Multiple times a day","Less than 1 hour","Yes","News and information","Joy","5","Not at all","Never","Good","No changes","Rarely","Very High","Still enjoy activities","Occasionally","No","No","Occasionally","No","I have never practiced digital detox","I have never practiced digital detox","I have never practiced digital detox","No","No","I have never practiced digital detox","I have never practiced digital detox","Don't have technology related stress","3","Occasionally","No","Don't have technology related stress"
"2023/10/13 4:36:07 AM GMT+6","I Agree","21","Male","Student","5-6 hours","Smartphone","Often","Always","Yes","Multiple times a day","1-2 hours","Yes","Entertainment (videos, movies, music)","Joy","4","Occasionally","Rarely","Excellent","No changes","Occasionally","High","Still enjoy activities","Occasionally","Yes","Yes","Almost daily","Yes","1-3 days","I have never practiced digital detox","No significant change","No","No","No change","Boredom","Engage in outdoor activities","4","Frequently","Yes","I prefer to cope alone"
"2023/10/13 7:42:13 PM GMT+6","I Agree","23","Male","Student","5-6 hours","Smartphone","Always","Always","Yes","Multiple times a day","Less than 1 hour","Yes","Social media updates","Joy","3","Occasionally","Rarely","Fair","No changes","Rarely","Low","Still enjoy activities","Rarely","Yes","No","Rarely","Yes","Less than a day","Feeling overwhelmed or stressed","Relaxed and refreshed","No","Yes","Used technology less","FOMO (Fear of Missing Out)","Take short breaks from screens","3","Never","Yes","I prefer to cope alone"
"2023/10/13 9:36:56 PM GMT+6","I Agree","23","Male","Student","3-4 hours","Smartphone","Often","Often","Yes","Multiple times a day","Less than 1 hour","Yes","Entertainment (videos, movies, music)","Relaxation","4","Occasionally","Occasionally","Fair","Weight loss","Occasionally","High","Still enjoy activities","Occasionally","No","No","Occasionally","No","I have never practiced digital detox","I have never practiced digital detox","I have never practiced digital detox","Yes","Yes","I have never practiced digital detox","I have never practiced digital detox","Take short breaks from screens","3","Rarely","Yes","I seek support from friends or family"
"2023/10/14 12:21:51 AM GMT+6","I Agree","24","Male","Student","More than 6 hours","PlayStation","Often","Often","Yes","Multiple times a day","3-4 hours","Yes","Entertainment (videos, movies, music)","Relaxation","4","Occasionally","Occasionally","Good","Increased appetite","Rarely","High","Still enjoy activities","Occasionally","No","Yes","Rarely","Yes","1-3 days","Improving productivity","Relaxed and refreshed","No","Yes","No change","None, it was easy and enjoyable","Engage in outdoor activities","5","Frequently","Yes","I prefer to cope alone"
"2023/10/14 1:34:33 AM GMT+6","I Agree","23","Male","Student","5-6 hours","Computer/Laptop","Always","Always","Yes","Multiple times a day","1-2 hours","Yes","Entertainment (videos, movies, music)","Relaxation","2","Frequently","Almost all the time","Very Poor","Loss of appetite","Occasionally","Low","Have lost interest","Frequently","Yes","No","Rarely","No","I have never practiced digital detox","I have never practiced digital detox","I have never practiced digital detox","Yes","Yes","I have never practiced digital detox","I have never practiced digital detox","Take short breaks from screens","3","Rarely","Yes","I prefer to cope alone"
"2023/10/14 1:35:07 AM GMT+6","I Agree","22","Male","Student","More than 6 hours","Computer/Laptop","Occasionally","Occasionally","Yes","Multiple times a day","Less than 1 hour","Yes","Educational content","Relaxation","3","Almost all the time","Occasionally","Fair","Increased appetite","Rarely","Low","Still enjoy activities","Occasionally","Yes","No","Rarely","Yes","1-3 days","Improving productivity","Relaxed and refreshed","Yes","Yes","I have never practiced digital detox","Boredom","Take short breaks from screens","3","Frequently","Yes","I participate in online communities or forums"
"2023/10/14 1:37:20 AM GMT+6","I Agree","23","Male","Student","More than 6 hours","Computer/Laptop","Often","Always","Yes","Multiple times a day","Less than 1 hour","Yes","Work-related content","Relaxation","3","Frequently","Occasionally","Good","No changes","Occasionally","Moderate","Still enjoy activities","Occasionally","Yes","Yes","Rarely","No","I have never practiced digital detox","I have never practiced digital detox","I have never practiced digital detox","No","No","I have never practiced digital detox","I have never practiced digital detox","Take short breaks from screens","4","Rarely","Yes","I seek support from friends or family"
"2023/10/14 1:39:19 AM GMT+6","I Agree","27","Male","Student","3-4 hours","Smartphone","Often","Often","Yes","Multiple times a day","1-2 hours","Yes","Entertainment (videos, movies, music)","Relaxation","4","Occasionally","Frequently","Poor","Weight loss","Occasionally","Moderate","Still enjoy activities","Occasionally","No","No","Rarely","No","I have never practiced digital detox","I have never practiced digital detox","I have never practiced digital detox","No","No","I have never practiced digital detox","I have never practiced digital detox","Practice mindfulness or meditation","4","Occasionally","Yes","I prefer to cope alone"
"2023/10/14 1:44:03 AM GMT+6","I Agree","29","Male","Employed (full-time)","More than 6 hours","Smartphone","Always","Always","Yes","Multiple times a day","1-2 hours","Yes","Entertainment (videos, movies, music)","Relaxation","4","Occasionally","Occasionally","Fair","Increased appetite","Occasionally","Moderate","Still enjoy activities","Occasionally","No","Yes","Rarely","No","I have never practiced digital detox","I have never practiced digital detox","I have never practiced digital detox","No","No","I have never practiced digital detox","I have never practiced digital detox","Take short breaks from screens","4","Rarely","Yes","I participate in online communities or forums"
"2023/10/14 1:48:26 AM GMT+6","I Agree","24","Male","Student","More than 6 hours","Computer/Laptop","Always","Always","Yes","Multiple times a day","Less than 1 hour","Yes","Entertainment (videos, movies, music)","Joy","4","Occasionally","Rarely","Very Poor","Increased appetite","Almost all the time","Low","Still enjoy activities","Almost all the time","No","Yes","Rarely","No","I have never practiced digital detox","I have never practiced digital detox","I have never practiced digital detox","No","No","I have never practiced digital detox","I have never practiced digital detox","Talk to friends or family about technology-related stress","2","Never","No","I prefer to cope alone"
"2023/10/14 2:02:08 AM GMT+6","I Agree","36","Female","Employed (full-time)","5-6 hours","Smartphone","Often","Always","Yes","Multiple times a day","1-2 hours","Yes","Work-related content","Stress","3","Occasionally","Frequently","Poor","No changes","Occasionally","Low","Have lost interest","Frequently","No","Yes","Frequently","Yes","Less than a day","Focusing on in-person relationships","No significant change","Yes","Yes","No change","Difficulty staying disconnected","Unplug from technology for a designated period","3","Occasionally","Yes","I seek support from friends or family"
"2023/10/14 2:07:09 AM GMT+6","I Agree","21","Male","Student","More than 6 hours","Computer/Laptop","Occasionally","Always","Yes","Multiple times a day","Less than 1 hour","Yes","Entertainment (videos, movies, music)","Relaxation","3","Frequently","Almost all the time","Poor","No changes","Never","Moderate","Have lost interest","Occasionally","Yes","No","Occasionally","Yes","1-3 days","Improving productivity","Anxious or stressed","Yes","No","Used technology more mindfully","Boredom","Take short breaks from screens","2","Rarely","Yes","I prefer to cope alone"
"2023/10/14 2:08:01 AM GMT+6","I Agree","26","Male","Unemployed","More than 6 hours","Computer/Laptop","Always","Always","Yes","Multiple times a day","1-2 hours","Yes","Entertainment (videos, movies, music)","Excitement","3","Occasionally","Almost all the time","Poor","No changes","Rarely","Low","Have lost interest","Occasionally","No","Yes","Rarely","No","I have never practiced digital detox","I have never practiced digital detox","I have never practiced digital detox","No","No","I have never practiced digital detox","I have never practiced digital detox","Take short breaks from screens","1","Rarely","Yes","I prefer to cope alone"
"2023/10/14 2:09:28 AM GMT+6","I Agree","29","Male","Student","3-4 hours","Smartphone","Always","Always","Yes","Multiple times a day","1-2 hours","Yes","Entertainment (videos, movies, music)","Stress","1","Almost all the time","Frequently","Very Poor","Loss of appetite","Frequently","Low","Have lost interest","Almost all the time","Yes","Yes","Occasionally","Yes","1-3 days","Improving productivity","Relaxed and refreshed","Yes","Yes","Used technology more mindfully","None, it was easy and enjoyable","Take short breaks from screens","3","Rarely","No","I seek support from friends or family"
"2023/10/14 2:17:14 AM GMT+6","I Agree","23","Male","Student","More than 6 hours","Smartphone","Always","Always","Yes","Multiple times a day","Less than 1 hour","Yes","Videos that satisfy my curiosity","Joy","3","Occasionally","Almost all the time","Very Poor","Weight gain","Frequently","Moderate","Still enjoy activities","Occasionally","No","Yes","Frequently","No","I have never practiced digital detox","I have never practiced digital detox","I have never practiced digital detox","No","Yes","I have never practiced digital detox","I have never practiced digital detox","Practice mindfulness or meditation","4","Frequently","No","I prefer to cope alone"
"2023/10/14 2:24:21 AM GMT+6","I Agree","29","Male","Employed (full-time)","More than 6 hours","Computer/Laptop","Often","Always","Yes","Multiple times a day","Less than 1 hour","Yes","Entertainment (videos, movies, music)","Relaxation","5","Occasionally","Rarely","Fair","Increased appetite","Occasionally","Moderate","Still enjoy activities","Rarely","No","Yes","Almost daily","Yes","Less than a day","Focusing on in-person relationships","No significant change","No","No","Used technology more mindfully","Difficulty staying disconnected","Unplug from technology for a designated period","3","Rarely","Yes","I attend social events or gatherings"
"2023/10/14 2:34:55 AM GMT+6","I Agree","24","Male","Student","More than 6 hours","Smartphone","Always","Always","Yes","Multiple times a day","Less than 1 hour","Yes","Social media updates","Relaxation","3","Frequently","Occasionally","Poor","Weight gain","Occasionally","Moderate","Still enjoy activities","Occasionally","Yes","Yes","Rarely","No","I have never practiced digital detox","I have never practiced digital detox","I have never practiced digital detox","No","Yes","I have never practiced digital detox","I have never practiced digital detox","Unplug from technology for a designated period","3","Never","Yes","I prefer to cope alone"
"2023/10/14 2:37:21 AM GMT+6","I Agree","17","Male","Student","5-6 hours","Smartphone","Often","Often","Yes","Multiple times a day","3-4 hours","Yes","Entertainment (videos, movies, music)","Stress","3","Frequently","Occasionally","Fair","No changes","Rarely","Moderate","Have lost interest","Frequently","Yes","Yes","Frequently","Yes","4-7 days","Noticing negative effects on mental health","Relaxed and refreshed","No","Yes","Used technology more mindfully","Difficulty staying disconnected","Engage in outdoor activities","3","Always","Yes","I prefer to cope alone"
"2023/10/14 4:31:00 AM GMT+6","I Agree","25","Female","Student","5-6 hours","Smartphone","Always","Always","Yes","Multiple times a day","1-2 hours","Yes","Entertainment (videos, movies, music)","Relaxation","2","Almost all the time","Occasionally","Very Poor","No changes","Occasionally","Very low","Have lost interest","Frequently","Yes","No","Frequently","No","I have never practiced digital detox","I have never practiced digital detox","I have never practiced digital detox","No","Yes","I have never practiced digital detox","I have never practiced digital detox","Take short breaks from screens","3","Frequently","Yes","I prefer to cope alone"
"2023/10/14 6:20:56 AM GMT+6","I Agree","29","Female","Employed (full-time)","More than 6 hours","Computer/Laptop","Occasionally","Often","Yes","Multiple times a day","Less than 1 hour","Yes","Educational content","Stress","3","Occasionally","Rarely","Good","No changes","Occasionally","Moderate","Still enjoy activities","Occasionally","Yes","Yes","Occasionally","Yes","1-3 days","Improving productivity","Relaxed and refreshed","Yes","Yes","Used technology more mindfully","None, it was easy and enjoyable","Talk to friends or family about technology-related stress","5","Occasionally","Yes","I seek support from friends or family"
"2023/10/14 8:03:49 AM GMT+6","I Agree","28","Male","Employed (part-time)","More than 6 hours","Computer/Laptop","Always","Often","Yes","Multiple times a day","1-2 hours","Yes","Entertainment (videos, movies, music)","Anxiety","3","Occasionally","Rarely","Fair","No changes","Occasionally","Moderate","Have lost interest","Frequently","No","No","Rarely","No","I have never practiced digital detox","I have never practiced digital detox","I have never practiced digital detox","No","No","I have never practiced digital detox","I have never practiced digital detox","Take short breaks from screens","3","Occasionally","No","I prefer to cope alone"
"2023/10/14 9:22:55 AM GMT+6","I Agree","23","Female","Student","1-2 hours","Smartphone","Always","Always","Yes","Multiple times a day","Less than 1 hour","Yes","Social media updates","Relaxation","4","Occasionally","Occasionally","Excellent","Weight gain","Rarely","Moderate","Still enjoy activities","Occasionally","No","Yes","Almost daily","Yes","4-7 days","Feeling overwhelmed or stressed","Relaxed and refreshed","Yes","No","Used technology less","Boredom","1 and 4","5","Rarely","Yes","I prefer to cope alone"
"2023/10/14 9:25:19 AM GMT+6","I Agree","23","Male","Student","More than 6 hours","Computer/Laptop","Often","Always","Yes","Multiple times a day","Less than 1 hour","Yes","Entertainment (videos, movies, music)","Relaxation","4","Occasionally","Frequently","Poor","Increased appetite","Rarely","Moderate","Still enjoy activities","Occasionally","Yes","No","Occasionally","No","I have never practiced digital detox","I have never practiced digital detox","I have never practiced digital detox","No","No","I have never practiced digital detox","I have never practiced digital detox","Take short breaks from screens","3","Frequently","No","I prefer to cope alone"
"2023/10/14 9:25:29 AM GMT+6","I Agree","23","Male","Student","More than 6 hours","Computer/Laptop","Rarely","Often","Yes","Multiple times a day","Less than 1 hour","Yes","Education, Game, news and information ","Excitement","5","Not at all","Occasionally","Fair","Increased appetite","Rarely","Very High","Still enjoy activities","Rarely","No","Yes","Almost daily","Yes","More than a week","Curiosity or personal experiment","Relaxed and refreshed","Yes","Yes","Used technology more mindfully","None, it was easy and enjoyable","Practice mindfulness or meditation","5","Always","Yes","Religious practices, physical exercises, health care activities"
"2023/10/14 9:29:58 AM GMT+6","I Agree","26","Female","Student","More than 6 hours","Computer/Laptop","Occasionally","Occasionally","Yes","Multiple times a day","1-2 hours","Yes","Entertainment (videos, movies, music)","Relaxation","3","Occasionally","Rarely","Good","Increased appetite","Rarely","Moderate","Still enjoy activities","Occasionally","No","Yes","Frequently","No","I have never practiced digital detox","I have never practiced digital detox","I have never practiced digital detox","No","Yes","I have never practiced digital detox","I have never practiced digital detox","Take short breaks from screens","4","Occasionally","Yes","I prefer to cope alone"
"2023/10/14 10:06:59 AM GMT+6","I Agree","23","Male","Student","5-6 hours","Smartphone","Always","Always","Yes","Multiple times a day","Less than 1 hour","Yes","Both social media updates & entertainment","Relaxation","2","Frequently","Occasionally","Poor","No changes","Rarely","Very High","Still enjoy activities","Occasionally","No","No","Rarely","No","I have never practiced digital detox","I have never practiced digital detox","I have never practiced digital detox","No","No","I have never practiced digital detox","I have never practiced digital detox","Engage in outdoor activities","3","Always","Yes","I prefer to cope alone"
"2023/10/14 10:19:50 AM GMT+6","I Agree","25","Male","Student","3-4 hours","Computer/Laptop","Always","Always","Yes","Multiple times a day","Less than 1 hour","Yes","Entertainment (videos, movies, music)","Joy","1","Frequently","Occasionally","Poor","Weight gain","Occasionally","Low","Have lost interest","Occasionally","Yes","No","Occasionally","Yes","Less than a day","Curiosity or personal experiment","Relaxed and refreshed","Yes","Yes","Used technology less","Difficulty staying disconnected","Set specific time limits for technology use","3","Occasionally","Yes","I participate in online communities or forums"
"2023/10/14 10:30:42 AM GMT+6","I Agree","23","Male","Student","5-6 hours","Smartphone","Often","Always","Yes","Multiple times a day","Less than 1 hour","Yes","Entertainment (videos, movies, music)","Relaxation","5","Not at all","Rarely","Fair","Weight gain","Rarely","Moderate","Still enjoy activities","Occasionally","No","Yes","Occasionally","Yes","Less than a day","Curiosity or personal experiment","I have never practiced digital detox","No","No","Used technology more mindfully","None, it was easy and enjoyable","Take short breaks from screens","4","Rarely","Yes","I seek support from friends or family"
"2023/10/14 10:31:03 AM GMT+6","I Agree","22","Male","Student","3-4 hours","Smartphone","Often","Always","Yes","Multiple times a day","Less than 1 hour","Yes","Entertainment (videos, movies, music)","Relaxation","3","Occasionally","Rarely","Good","Weight gain","Rarely","High","Still enjoy activities","Rarely","No","Yes","Rarely","Yes","More than a week","Feeling overwhelmed or stressed","Relaxed and refreshed","Yes","Yes","Used technology more mindfully","Difficulty staying disconnected","Take short breaks from screens","3","Rarely","Yes","I prefer to cope alone"
"2023/10/14 10:33:05 AM GMT+6","I Agree","23","Male","Student","5-6 hours","Smartphone","Often","Often","Yes","Multiple times a day","3-4 hours","Yes","Entertainment (videos, movies, music)","Anxiety","3","Frequently","Occasionally","Poor","Weight loss","Occasionally","Low","Have lost interest","Occasionally","Yes","No","Rarely","Yes","4-7 days","Feeling overwhelmed or stressed","Anxious or stressed","Yes","Yes","Used technology more mindfully","FOMO (Fear of Missing Out)","Take short breaks from screens","3","Rarely","Yes","I prefer to cope alone"
"2023/10/14 10:33:10 AM GMT+6","I Agree","22","Male","Student","3-4 hours","Smartphone","Always","Always","Yes","Several times a week","Less than 1 hour","Yes","Entertainment (videos, movies, music)","Excitement","3","Frequently","Rarely","Good","Weight gain","Rarely","High","Still enjoy activities","Rarely","Yes","Yes","Rarely","Yes","1-3 days","Feeling overwhelmed or stressed","Relaxed and refreshed","Yes","Yes","Used technology more mindfully","Difficulty staying disconnected","Take short breaks from screens","3","Occasionally","Yes","I seek support from friends or family"
"2023/10/14 10:33:32 AM GMT+6","I Agree","20","Male","Student","3-4 hours","Smartphone","Occasionally","Always","Yes","Multiple times a day","Less than 1 hour","Yes","Social media updates","Stress","3","Frequently","Occasionally","Poor","Loss of appetite","Occasionally","Moderate","Still enjoy activities","Occasionally","No","Yes","Occasionally","Yes","1-3 days","Improving productivity","Relaxed and refreshed","Yes","Yes","Used technology more mindfully","Difficulty staying disconnected","Take short breaks from screens","2","Rarely","Yes","I seek support from friends or family"
"2023/10/14 10:33:42 AM GMT+6","I Agree","22","Male","Student","3-4 hours","Smartphone","Often","Occasionally","Yes","Multiple times a day","Less than 1 hour","Yes","Entertainment (videos, movies, music)","Relaxation","4","Occasionally","Rarely","Good","Loss of appetite","Occasionally","Low","Still enjoy activities","Occasionally","Yes","No","Occasionally","Yes","4-7 days","Feeling overwhelmed or stressed","No significant change","Yes","No","No change","None, it was easy and enjoyable","Take short breaks from screens","3","Occasionally","Yes","I prefer to cope alone"
"2023/10/14 10:35:10 AM GMT+6","I Agree","23","Male","Student","5-6 hours","Smartphone","Always","Always","Yes","Multiple times a day","Less than 1 hour","Yes","Educational content","Relaxation","4","Occasionally","Occasionally","Good","Increased appetite","Rarely","Moderate","Still enjoy activities","Rarely","Yes","Yes","Rarely","No","I have never practiced digital detox","I have never practiced digital detox","I have never practiced digital detox","No","Yes","I have never practiced digital detox","I have never practiced digital detox","Take short breaks from screens","3","Rarely","No","I prefer to cope alone"
"2023/10/14 10:54:14 AM GMT+6","I Agree","23","Female","Student","3-4 hours","Smartphone","Always","Always","Yes","Multiple times a day","Less than 1 hour","Yes","Entertainment (videos, movies, music)","Relaxation","3","Occasionally","Occasionally","Excellent","Weight gain","Frequently","Low","Have lost interest","Frequently","Yes","Yes","Rarely","Yes","Less than a day","Curiosity or personal experiment","bored ","Yes","No","Used technology more mindfully","Boredom","Take short breaks from screens","4","Rarely","No","I seek support from friends or family"
"2023/10/14 10:54:23 AM GMT+6","I Agree","23","Female","Student","More than 6 hours","Smartphone","Always","Always","Yes","Multiple times a day","Less than 1 hour","Yes","Entertainment (videos, movies, music)","Relaxation","2","Almost all the time","Occasionally","Fair","Weight gain","Rarely","Low","Have lost interest","Occasionally","Yes","No","Rarely","No","I have never practiced digital detox","I have never practiced digital detox","I have never practiced digital detox","No","Yes","I have never practiced digital detox","I have never practiced digital detox","Set specific time limits for technology use","4","Never","Yes","I seek support from friends or family"
"2023/10/14 10:54:52 AM GMT+6","I Agree","24","Male","Student","3-4 hours","Computer/Laptop","Often","Often","Yes","Multiple times a day","Less than 1 hour","Yes","Entertainment (videos, movies, music)","Relaxation","3","Occasionally","Occasionally","Good","Weight loss","Frequently","Moderate","Have lost interest","Frequently","Yes","Yes","Occasionally","Yes","4-7 days","Feeling overwhelmed or stressed","Anxious or stressed","No","No","Used technology less","Difficulty staying disconnected","Talk to friends or family about technology-related stress","3","Occasionally","Yes","I prefer to cope alone"
"2023/10/14 11:16:03 AM GMT+6","I Agree","23","Female","Student","More than 6 hours","Smartphone","Always","Always","Yes","Multiple times a day","3-4 hours","Yes","Entertainment (videos, movies, music)","Relaxation","3","Occasionally","Rarely","Good","Loss of appetite","Frequently","Moderate","Still enjoy activities","Occasionally","Yes","Yes","Occasionally","Yes","Less than a day","Improving productivity","Anxious or stressed","Yes","No","No change","Boredom","Take short breaks from screens","3","Occasionally","Yes","I seek support from friends or family"
"2023/10/14 11:16:58 AM GMT+6","I Agree","25","Male","Student","5-6 hours","Smartphone","Often","Often","Yes","Multiple times a day","1-2 hours","Yes","Entertainment (videos, movies, music)","Relaxation","1","Frequently","Frequently","Poor","Loss of appetite","Occasionally","Low","Have lost interest","Frequently","Yes","Yes","Rarely","Yes","1-3 days","Noticing negative effects on mental health","Relaxed and refreshed","Yes","Yes","Used technology less","Social pressure to stay connected","Engage in outdoor activities","5","Frequently","Yes","I seek support from friends or family"
"2023/10/14 11:20:36 AM GMT+6","I Agree","23","Female","Student","5-6 hours","Smartphone","Always","Always","Yes","Multiple times a day","Less than 1 hour","Yes","Social media updates","Excitement","3","Occasionally","Rarely","Poor","Increased appetite","Frequently","Low","Still enjoy activities","Rarely","Yes","No","Rarely","Yes","Less than a day","Curiosity or personal experiment","Anxious or stressed","Yes","Yes","Used technology less","Difficulty staying disconnected","Take short breaks from screens","3","Occasionally","Yes","I prefer to cope alone"
"2023/10/14 11:20:48 AM GMT+6","I Agree","23","Male","Student","5-6 hours","Smartphone","Always","Always","Yes","Multiple times a day","Less than 1 hour","Yes","Entertainment (videos, movies, music)","Joy","3","Occasionally","Occasionally","Fair","No changes","Rarely","High","Still enjoy activities","Occasionally","No","Yes","Occasionally","No","Less than a day","Improving productivity","No significant change","No","Yes","I have never practiced digital detox","Difficulty staying disconnected","Set specific time limits for technology use","2","Frequently","No","I prefer to cope alone"
"2023/10/14 11:31:02 AM GMT+6","I Agree","24","Female","Student","More than 6 hours","Smartphone","Always","Always","Yes","Multiple times a day","1-2 hours","Yes","Social media updates","Excitement","1","Almost all the time","Almost all the time","Fair","No changes","Almost all the time","Very low","Have lost interest","Almost all the time","Yes","Yes","Rarely","Yes","More than a week","Noticing negative effects on mental health","No significant change","Yes","Yes","Used technology more mindfully","FOMO (Fear of Missing Out)","Take short breaks from screens","3","Never","No","I prefer to cope alone"
"2023/10/14 11:41:55 AM GMT+6","I Agree","21","Female","Student","More than 6 hours","Smartphone","Always","Always","Yes","Multiple times a day","3-4 hours","Yes","Above all","Relaxation","4","Occasionally","Rarely","Poor","No changes","Occasionally","Moderate","Still enjoy activities","Frequently","No","Yes","Rarely","No","I have never practiced digital detox","I have never practiced digital detox","I have never practiced digital detox","No","No","I have never practiced digital detox","I have never practiced digital detox","Talk to friends or family about technology-related stress","4","Rarely","No","I seek support from friends or family"
"2023/10/14 11:46:41 AM GMT+6","I Agree","20","Female","Student","5-6 hours","Smartphone","Often","Often","Yes","Once a day","Less than 1 hour","Yes","News and information","Relaxation","2","Frequently","Rarely","Good","No changes","Rarely","Low","Still enjoy activities","Occasionally","Yes","No","Almost daily","Yes","More than a week","Improving productivity","No significant change","Yes","Yes","Used technology more mindfully","None, it was easy and enjoyable","Practice mindfulness or meditation","4","Occasionally","Yes","I prefer to cope alone"
"2023/10/14 11:52:58 AM GMT+6","I Agree","27","Female","Unemployed","3-4 hours","Smartphone","Always","Always","Yes","Multiple times a day","Less than 1 hour","Yes","Entertainment (videos, movies, music)","Joy","4","Occasionally","Never","Poor","Weight gain","Rarely","Very low","Still enjoy activities","Rarely","No","Yes","Frequently","Yes","1-3 days","Focusing on in-person relationships","No significant change","Yes","Yes","Used technology more mindfully","Boredom","Take short breaks from screens","4","Never","No","I attend social events or gatherings"
"2023/10/14 11:56:14 AM GMT+6","I Agree","22","Female","Student","More than 6 hours","Smartphone","Always","Always","Yes","Multiple times a day","Less than 1 hour","Yes","Entertainment (videos, movies, music)","Joy","4","Occasionally","Almost all the time","Excellent","No changes","Occasionally","Low","Have lost interest","Frequently","Yes","Yes","Rarely","Yes","4-7 days","Noticing negative effects on mental health","No significant change","No","Yes","No change","Social pressure to stay connected","Unplug from technology for a designated period","4","Rarely","Yes","I prefer to cope alone"
"2023/10/14 12:02:41 PM GMT+6","I Agree","24","Male","Student","3-4 hours","Smartphone","Often","Rarely","Yes","Several times a week","Less than 1 hour","Yes","Entertainment (videos, movies, music)","Relaxation","4","Occasionally","Occasionally","Good","No changes","Rarely","Moderate","Still enjoy activities","Occasionally","No","Yes","Occasionally","No","I have never practiced digital detox","I have never practiced digital detox","I have never practiced digital detox","No","No","I have never practiced digital detox","I have never practiced digital detox","Take short breaks from screens","3","Rarely","Yes","I prefer to cope alone"
"2023/10/14 12:03:19 PM GMT+6","I Agree","34","Female","Homemaker","3-4 hours","Smartphone","Always","Rarely","Yes","Multiple times a day","Less than 1 hour","Yes","Entertainment (videos, movies, music)","Relaxation","4","Not at all","Occasionally","Good","No changes","Rarely","High","Still enjoy activities","Rarely","No","Yes","Frequently","No","I have never practiced digital detox","I have never practiced digital detox","I have never practiced digital detox","No","Yes","I have never practiced digital detox","I have never practiced digital detox","Engage in outdoor activities","4","Occasionally","Yes","I attend social events or gatherings"
"2023/10/14 12:07:54 PM GMT+6","I Agree","22","Female","Student","1-2 hours","Computer/Laptop","Occasionally","Occasionally","Yes","Once a day","Less than 1 hour","Yes","Entertainment (videos, movies, music)","Relaxation","2","Almost all the time","Frequently","Fair","Increased appetite","Frequently","High","Still enjoy activities","Frequently","Yes","No","Frequently","Yes","Less than a day","Noticing negative effects on mental health","No significant change","Yes","Yes","Used technology more mindfully","Boredom","Take short breaks from screens","3","Occasionally","Yes","I prefer to cope alone"
"2023/10/14 12:08:59 PM GMT+6","I Agree","23","Female","Student","5-6 hours","Smartphone","Always","Always","Yes","Multiple times a day","1-2 hours","Yes","Social media updates","Excitement","4","Not at all","Frequently","Fair","Weight gain","Rarely","Low","Have lost interest","Occasionally","Yes","Yes","Frequently","Yes","1-3 days","Improving productivity","No significant change","Yes","Yes","Used technology more mindfully","Social pressure to stay connected","Practice mindfulness or meditation","3","Occasionally","No","I seek support from friends or family"
"2023/10/14 12:09:23 PM GMT+6","I Agree","22","Male","Student","3-4 hours","Smartphone","Always","Always","Yes","Multiple times a day","1-2 hours","Yes","Entertainment (videos, movies, music)","Joy","3","Not at all","Never","Good","No changes","Rarely","Moderate","Still enjoy activities","Rarely","Yes","Yes","Rarely","Yes","1-3 days","Feeling overwhelmed or stressed","Anxious or stressed","Yes","Yes","Used technology less","Boredom","Take short breaks from screens","3","Rarely","Yes","I prefer to cope alone"
"2023/10/14 12:09:23 PM GMT+6","I Agree","23","Male","Student","More than 6 hours","Smartphone","Always","Always","Yes","Multiple times a day","1-2 hours","Yes","Entertainment (videos, movies, music)","Relaxation","3","Occasionally","Rarely","Fair","No changes","Occasionally","Moderate","Have lost interest","Frequently","Yes","No","Rarely","Yes","1-3 days","Feeling overwhelmed or stressed","No significant change","No","No","Used technology more mindfully","Boredom","Take short breaks from screens","3","Rarely","Yes","I prefer to cope alone"
"2023/10/14 12:41:15 PM GMT+6","I Agree","23","Male","Student","3-4 hours","Smartphone","Always","Always","Yes","Multiple times a day","3-4 hours","Yes","Educational content","Joy","3","Occasionally","Occasionally","Good","Weight loss","Frequently","Moderate","Have lost interest","Occasionally","Yes","No","Frequently","Yes","4-7 days","Improving productivity","No significant change","Yes","No","I have never practiced digital detox","Boredom","Set specific time limits for technology use","2","Occasionally","No","I participate in online communities or forums"
"2023/10/14 12:41:21 PM GMT+6","I Agree","23","Female","Student","3-4 hours","Smartphone","Always","Always","Yes","Multiple times a day","Less than 1 hour","Yes","Entertainment (videos, movies, music)","Joy","3","Not at all","Rarely","Poor","No changes","Occasionally","Very low","Still enjoy activities","Occasionally","Yes","Yes","Rarely","Yes","Less than a day","Noticing negative effects on mental health","No significant change","Yes","Yes","Used technology less","FOMO (Fear of Missing Out)","Take short breaks from screens","1","Never","Yes","I seek support from friends or family"
"2023/10/14 1:11:48 PM GMT+6","I Agree","24","Male","Student","5-6 hours","Both phone and pc","Often","Rarely","Yes","Multiple times a day","1-2 hours","Yes","Entertainment (videos, movies, music)","Joy","3","Occasionally","Occasionally","Good","No changes","Occasionally","Very low","Have lost interest","Occasionally","No","No","Rarely","No","I have never practiced digital detox","I have never practiced digital detox","I have never practiced digital detox","No","No","I have never practiced digital detox","I have never practiced digital detox","Take short breaks from screens","2","Never","Yes","I participate in online communities or forums"
"2023/10/14 1:36:55 PM GMT+6","I Agree","35","Male","Employed (full-time)","More than 6 hours","Smartphone","Always","Always","No","Multiple times a day","Less than 1 hour","Yes","Entertainment (videos, movies, music)","Joy","3","Occasionally","Occasionally","Fair","Weight gain","Almost all the time","Moderate","Have lost interest","Frequently","Yes","Yes","Rarely","No","I have never practiced digital detox","I have never practiced digital detox","I have never practiced digital detox","Yes","Yes","I have never practiced digital detox","I have never practiced digital detox","Engage in outdoor activities","4","Never","Yes","I prefer to cope alone"
"2023/10/14 1:52:04 PM GMT+6","I Agree","32","Female","Employed (full-time)","More than 6 hours","Computer/Laptop","Always","Often","Yes","Multiple times a day","Less than 1 hour","Yes","Entertainment (videos, movies, music)","Relaxation","5","Occasionally","Occasionally","Good","No changes","Rarely","Moderate","Have lost interest","Occasionally","No","Yes","Occasionally","Yes","1-3 days","Improving productivity","Relaxed and refreshed","No","Yes","Used technology less","FOMO (Fear of Missing Out)","Take short breaks from screens","4","Occasionally","Yes","I prefer to cope alone"
"2023/10/14 1:52:27 PM GMT+6","I Agree","22","Female","Student","More than 6 hours","Smartphone","Always","Often","Yes","Once a day","Less than 1 hour","Yes","News and information","Joy","3","Frequently","Rarely","Fair","Weight gain","Frequently","Moderate","Have lost interest","Frequently","Yes","Yes","Frequently","Yes","1-3 days","Feeling overwhelmed or stressed","No significant change","Yes","No","Used technology less","Social pressure to stay connected","Take short breaks from screens","2","Occasionally","Yes","I prefer to cope alone"
"2023/10/14 2:01:01 PM GMT+6","I Agree","22","Male","Student","5-6 hours","Computer/Laptop","Occasionally","Occasionally","Yes","Several times a week","Less than 1 hour","Yes","News and information","Excitement","4","Occasionally","Rarely","Poor","No changes","Rarely","Moderate","Still enjoy activities","Rarely","No","Yes","Almost daily","Yes","More than a week","Curiosity or personal experiment","No significant change","Yes","No","No change","Social pressure to stay connected","Engage in outdoor activities","4","Always","Yes","I prefer to cope alone"
"2023/10/14 2:15:23 PM GMT+6","I Agree","20","Male","Student","More than 6 hours","Computer/Laptop","Often","Always","Yes","Several times a week","Less than 1 hour","Yes","News and information","Excitement","1","Almost all the time","Rarely","Very Poor","Increased appetite","Rarely","Low","Still enjoy activities","Rarely","Yes","No","Occasionally","No","I have never practiced digital detox","I have never practiced digital detox","I have never practiced digital detox","No","No","I have never practiced digital detox","I have never practiced digital detox","Take short breaks from screens","1","Never","Yes","I participate in online communities or forums"
"2023/10/14 2:16:14 PM GMT+6","I Agree","21","Male","Student","More than 6 hours","Computer/Laptop","Always","Always","Yes","Multiple times a day","Less than 1 hour","Yes","News and information","Joy","2","Almost all the time","Almost all the time","Very Poor","Weight gain","Rarely","Moderate","Have lost interest","Frequently","Yes","Yes","Rarely","No","I have never practiced digital detox","Improving productivity","No significant change","Yes","No","Used technology more mindfully","Boredom","Take short breaks from screens","2","Rarely","Yes","I participate in online communities or forums"
"2023/10/14 2:17:18 PM GMT+6","I Agree","21","Male","Student","3-4 hours","Smartphone","Occasionally","Always","Yes","Multiple times a day","Less than 1 hour","No","Entertainment (videos, movies, music)","Joy","4","Not at all","Rarely","Fair","Weight gain","Rarely","Moderate","Still enjoy activities","Rarely","Yes","Yes","Occasionally","Yes","1-3 days","Noticing negative effects on mental health","Relaxed and refreshed","Yes","Yes","Used technology more mindfully","Social pressure to stay connected","Take short breaks from screens","5","Frequently","No","I attend social events or gatherings"
"2023/10/14 2:17:18 PM GMT+6","I Agree","21","Male","Student","5-6 hours","Smartphone","Always","Always","Yes","Multiple times a day","1-2 hours","Yes","Entertainment (videos, movies, music)","Relaxation","2","Frequently","Frequently","Fair","Weight loss","Occasionally","Low","Have lost interest","Occasionally","No","No","Occasionally","No","I have never practiced digital detox","Improving productivity","I have never practiced digital detox","No","No","Used technology more mindfully","FOMO (Fear of Missing Out)","Take short breaks from screens","5","Frequently","No","I participate in online communities or forums"
"2023/10/14 2:17:32 PM GMT+6","I Agree","22","Male","Student","5-6 hours","Smartphone","Always","Always","Yes","Multiple times a day","1-2 hours","Yes","Entertainment (videos, movies, music)","Relaxation","4","Occasionally","Rarely","Poor","Weight gain","Occasionally","Moderate","Still enjoy activities","Occasionally","No","Yes","Frequently","No","Less than a day","Focusing on in-person relationships","No significant change","No","No","No change","Boredom","Engage in outdoor activities","2","Occasionally","Yes","I seek support from friends or family"
"2023/10/14 2:17:38 PM GMT+6","I Agree","22","Male","Student","5-6 hours","Smartphone","Always","Always","Yes","Multiple times a day","Less than 1 hour","Yes","News and information","Frustration","3","Frequently","Frequently","Very Poor","Weight gain","Occasionally","Moderate","Have lost interest","Rarely","Yes","No","Rarely","Yes","4-7 days","Curiosity or personal experiment","Relaxed and refreshed","Yes","Yes","Used technology more mindfully","Social pressure to stay connected","Unplug from technology for a designated period","3","Never","No","I prefer to cope alone"
"2023/10/14 2:17:54 PM GMT+6","I Agree","23","Male","Student","More than 6 hours","Smartphone","Always","Always","Yes","Multiple times a day","1-2 hours","Yes","Entertainment (videos, movies, music)","Joy","3","Occasionally","Rarely","Excellent","Weight gain","Frequently","Moderate","Still enjoy activities","Rarely","Yes","Yes","Frequently","No","Less than a day","I have never practiced digital detox","Anxious or stressed","No","No","I have never practiced digital detox","FOMO (Fear of Missing Out)","Take short breaks from screens","1","Rarely","No","I participate in online communities or forums"
"2023/10/14 2:18:29 PM GMT+6","I Agree","23","Male","Student","5-6 hours","Computer/Laptop","Rarely","Rarely","Yes","Several times a week","More than 6 hours","Yes","News and information","Sadness","1","Almost all the time","Occasionally","Good","Weight loss","Never","Moderate","Have lost interest","Occasionally","No","No","Occasionally","No","I have never practiced digital detox","I have never practiced digital detox","I have never practiced digital detox","No","No","I have never practiced digital detox","I have never practiced digital detox","My stress is usual caisedby my workload. So my solution is to lighten it as much as possible through managing time and allocating work. ","5","Frequently","No","I prefer to cope alone"
"2023/10/14 2:20:07 PM GMT+6","I Agree","21","Male","Student","More than 6 hours","Smartphone","Always","Always","Yes","Multiple times a day","1-2 hours","Yes","Entertainment (videos, movies, music)","Frustration","2","Almost all the time","Occasionally","Fair","Weight loss","Occasionally","Low","Have lost interest","Frequently","Yes","No","Frequently","Yes","Less than a day","Feeling overwhelmed or stressed","Anxious or stressed","Yes","Yes","Used technology more mindfully","FOMO (Fear of Missing Out)","Unplug from technology for a designated period","1","Rarely","Yes","I prefer to cope alone"
"2023/10/14 2:20:13 PM GMT+6","I Agree","27","Male","Student","More than 6 hours","Computer/Laptop","Often","Often","No","Multiple times a day","5-6 hours","Yes","Entertainment (videos, movies, music)","Joy","1","Almost all the time","Almost all the time","Fair","Weight gain","Rarely","Moderate","Have lost interest","Frequently","Yes","Yes","Rarely","No","I have never practiced digital detox","Curiosity or personal experiment","No significant change","Yes","No","No change","Boredom","Set specific time limits for technology use","3","Never","Yes","I prefer to cope alone"
"2023/10/14 2:20:38 PM GMT+6","I Agree","22","Male","Student","3-4 hours","Smartphone","Often","Always","Yes","Multiple times a day","1-2 hours","Yes","Entertainment (videos, movies, music)","Relaxation","3","Almost all the time","Rarely","Fair","Increased appetite","Rarely","Moderate","Still enjoy activities","Occasionally","Yes","No","Almost daily","Yes","1-3 days","Improving productivity","Relaxed and refreshed","Yes","Yes","Used technology more mindfully","Boredom","Engage in outdoor activities","4","Frequently","Yes","I prefer to cope alone"
"2023/10/14 2:21:31 PM GMT+6","I Agree","22","Female","Student","More than 6 hours","Computer/Laptop","Rarely","Always","Yes","Several times a week","1-2 hours","Yes","Entertainment (videos, movies, music)","Relaxation","2","Occasionally","Rarely","Fair","Increased appetite","Frequently","Low","Have lost interest","Occasionally","No","Yes","Almost daily","Yes","More than a week","Noticing negative effects on mental health","Relaxed and refreshed","Yes","Yes","Used technology less","Social pressure to stay connected","Practice mindfulness or meditation","4","Always","Yes","I seek support from friends or family"
"2023/10/14 2:26:16 PM GMT+6","I Agree","23","Male","Student","More than 6 hours","Smartphone","Always","Always","Yes","Rarely or never","1-2 hours","Yes","Educational content","Excitement","1","Almost all the time","Occasionally","Good","Weight gain","Rarely","High","Still enjoy activities","Almost all the time","Yes","Yes","Rarely","No","1-3 days","Feeling overwhelmed or stressed","Relaxed and refreshed","No","No","No change","I have never practiced digital detox","Take short breaks from screens","3","Rarely","Yes","I prefer to cope alone"
"2023/10/14 2:29:03 PM GMT+6","I Agree","23","Male","Student","5-6 hours","Smartphone","Occasionally","Always","Yes","Multiple times a day","Less than 1 hour","Yes","Entertainment (videos, movies, music)","Anxiety","4","Occasionally","Occasionally","Fair","No changes","Rarely","Moderate","Still enjoy activities","Occasionally","No","No","Frequently","Yes","More than a week","Improving productivity","I have never practiced digital detox","No","No","I have never practiced digital detox","I have never practiced digital detox","Set specific time limits for technology use","3","Occasionally","Yes","I participate in online communities or forums"
"2023/10/14 2:29:10 PM GMT+6","I Agree","21","Female","Student","More than 6 hours","Smartphone","Often","Always","Yes","Multiple times a day","3-4 hours","Yes","Social media updates","Excitement","2","Frequently","Frequently","Very Poor","Loss of appetite","Frequently","Low","Still enjoy activities","Frequently","Yes","No","Frequently","Yes","More than a week","Noticing negative effects on mental health","No significant change","Yes","Yes","Used technology more mindfully","Boredom","Engage in outdoor activities","3","Occasionally","Yes","I prefer to cope alone"
"2023/10/14 3:16:18 PM GMT+6","I Agree","23","Female","Employed (full-time)","3-4 hours","Smartphone","Always","Often","Yes","Multiple times a day","1-2 hours","Yes","Entertainment (videos, movies, music)","Relaxation","4","Frequently","Occasionally","Fair","No changes","Occasionally","Moderate","Have lost interest","Occasionally","No","Yes","Occasionally","Yes","Less than a day","Improving productivity","Relaxed and refreshed","Yes","Yes","Used technology more mindfully","Boredom","Practice mindfulness or meditation","3","Occasionally","Yes","I prefer to cope alone"
"2023/10/14 3:42:31 PM GMT+6","I Agree","24","Male","Student","More than 6 hours","Smartphone","Always","Always","Yes","Multiple times a day","Less than 1 hour","Yes","Entertainment (videos, movies, music)","Excitement","2","Occasionally","Occasionally","Poor","Weight loss","Occasionally","Low","Still enjoy activities","Occasionally","Yes","No","Occasionally","Yes","Less than a day","Feeling overwhelmed or stressed","Anxious or stressed","No","No","No change","Boredom","Take short breaks from screens","2","Occasionally","No","I prefer to cope alone"
"2023/10/14 3:44:30 PM GMT+6","I Agree","22","Male","Student","5-6 hours","Smartphone","Always","Always","Yes","Multiple times a day","1-2 hours","Yes","Entertainment (videos, movies, music)","Joy","4","Occasionally","Rarely","Good","Increased appetite","Rarely","Moderate","Still enjoy activities","Occasionally","No","Yes","Frequently","Yes","1-3 days","Feeling overwhelmed or stressed","Relaxed and refreshed","Yes","Yes","Used technology more mindfully","None, it was easy and enjoyable","Take short breaks from screens","5","Frequently","Yes","I participate in online communities or forums"
"2023/10/14 3:45:31 PM GMT+6","I Agree","22","Male","Student","5-6 hours","Computer/Laptop","Rarely","Rarely","Yes","Multiple times a day","Less than 1 hour","No","Entertainment (videos, movies, music)","Joy","5","Occasionally","Rarely","Good","Weight loss","Occasionally","Moderate","Have lost interest","Almost all the time","Yes","Yes","Almost daily","Yes","Less than a day","Curiosity or personal experiment","Relaxed and refreshed","Yes","Yes","Used technology less","Difficulty staying disconnected","Take short breaks from screens","2","Always","Yes","I seek support from friends or family"
"2023/10/14 3:45:56 PM GMT+6","I Agree","25","Male","Student","More than 6 hours","Computer/Laptop","Rarely","Always","Yes","Several times a week","Less than 1 hour","No","Coding ","Joy","3","Frequently","Rarely","Poor","Weight loss","Occasionally","Moderate","Have lost interest","Frequently","Yes","Yes","Frequently","Yes","1-3 days","Feeling overwhelmed or stressed","I have never practiced digital detox","Yes","Yes","No change","Difficulty staying disconnected","Unplug from technology for a designated period","3","Occasionally","Yes","I participate in online communities or forums"
"2023/10/14 3:46:18 PM GMT+6","I Agree","21","Male","Student","5-6 hours","Smartphone","Often","Often","Yes","Multiple times a day","Less than 1 hour","Yes","Social media updates","Joy","3","Frequently","Occasionally","Fair","Weight gain","Occasionally","Moderate","Still enjoy activities","Frequently","Yes","Yes","Occasionally","Yes","1-3 days","Improving productivity","Relaxed and refreshed","Yes","Yes","Used technology more mindfully","Social pressure to stay connected","Engage in outdoor activities","4","Frequently","Yes","I participate in online communities or forums"
"2023/10/14 3:46:46 PM GMT+6","I Agree","21","Male","Student","3-4 hours","Smartphone","Always","Always","Yes","Multiple times a day","Less than 1 hour","Yes","Entertainment (videos, movies, music)","Relaxation","5","Occasionally","Occasionally","Good","Weight gain","Rarely","Low","Still enjoy activities","Rarely","No","Yes","Rarely","No","I have never practiced digital detox","I have never practiced digital detox","I have never practiced digital detox","No","No","I have never practiced digital detox","I have never practiced digital detox","Take short breaks from screens","4","Rarely","Yes","I seek support from friends or family"
"2023/10/14 3:47:41 PM GMT+6","I Agree","22","Male","Student","More than 6 hours","Computer/Laptop","Often","Occasionally","Yes","Multiple times a day","Less than 1 hour","Yes","Educational content","Frustration","1","Frequently","Rarely","Very Poor","Weight gain","Rarely","Moderate","Have lost interest","Occasionally","Yes","No","Rarely","Yes","4-7 days","Improving productivity","No significant change","Yes","Yes","No change","FOMO (Fear of Missing Out)","Practice mindfulness or meditation","3","Occasionally","Yes","Physical activities "
"2023/10/14 3:53:09 PM GMT+6","I Agree","23","Female","Student","3-4 hours","Smartphone","Occasionally","Often","Yes","Multiple times a day","1-2 hours","Yes","Entertainment (videos, movies, music)","Relaxation","4","Occasionally","Frequently","Good","Loss of appetite","Occasionally","Moderate","Still enjoy activities","Occasionally","No","Yes","Rarely","No","I have never practiced digital detox","I have never practiced digital detox","I have never practiced digital detox","No","No","I have never practiced digital detox","I have never practiced digital detox","Take short breaks from screens","4","Occasionally","No","I prefer to cope alone"
"2023/10/14 3:58:04 PM GMT+6","I Agree","24","Male","Employed (part-time)","5-6 hours","Smartphone","Always","Always","Yes","Multiple times a day","1-2 hours","Yes","All","Relaxation","4","Occasionally","Rarely","Fair","No changes","Occasionally","Moderate","Still enjoy activities","Occasionally","No","Yes","Occasionally","Yes","Less than a day","Feeling overwhelmed or stressed","Relaxed and refreshed","No","Yes","No change","Social pressure to stay connected","Engage in outdoor activities","4","Occasionally","Yes","I prefer to cope alone"
"2023/10/14 4:10:58 PM GMT+6","I Agree","22","Male","Student","More than 6 hours","Smartphone","Often","Often","Yes","Multiple times a day","1-2 hours","Yes","Educational content","Relaxation","4","Occasionally","Occasionally","Poor","Weight loss","Rarely","Moderate","Have lost interest","Occasionally","No","Yes","Occasionally","No","I have never practiced digital detox","I have never practiced digital detox","I have never practiced digital detox","No","Yes","I have never practiced digital detox","I have never practiced digital detox","Engage in outdoor activities","5","Frequently","Yes","I seek support from friends or family"
"2023/10/14 4:33:43 PM GMT+6","I Agree","23","Male","Student","5-6 hours","Computer/Laptop","Occasionally","Rarely","Yes","Multiple times a day","Less than 1 hour","Yes","Social media updates","Joy","2","Almost all the time","Rarely","Poor","No changes","Frequently","Moderate","Have lost interest","Frequently","Yes","Yes","Occasionally","No","Less than a day","I have never practiced digital detox","I have never practiced digital detox","No","No","I have never practiced digital detox","I have never practiced digital detox","Unplug from technology for a designated period","5","Occasionally","Yes","I prefer to cope alone"
"2023/10/14 4:45:49 PM GMT+6","I Agree","24","Female","Student","5-6 hours","Smartphone","Always","Often","Yes","Multiple times a day","Less than 1 hour","Yes","Entertainment (videos, movies, music)","Joy","3","Frequently","Almost all the time","Excellent","Weight loss","Rarely","Moderate","Have lost interest","Occasionally","No","Yes","Occasionally","No","I have never practiced digital detox","I have never practiced digital detox","I have never practiced digital detox","No","No","Used technology more mindfully","FOMO (Fear of Missing Out)","Unplug from technology for a designated period","3","Rarely","Yes","I participate in online communities or forums"
"2023/10/14 5:04:27 PM GMT+6","I Agree","23","Male","Student","3-4 hours","Smartphone","Often","Often","No","Multiple times a day","1-2 hours","Yes","Entertainment (videos, movies, music)","Excitement","4","Frequently","Occasionally","Fair","Weight loss","Occasionally","High","Have lost interest","Almost all the time","No","No","Almost daily","No","Less than a day","Improving productivity","No significant change","Yes","Yes","Used technology less","FOMO (Fear of Missing Out)","Take short breaks from screens","1","Occasionally","No","I attend social events or gatherings"
"2023/10/14 5:04:28 PM GMT+6","I Agree","24","Male","Student","1-2 hours","Computer/Laptop","Always","Always","Yes","Once a day","Less than 1 hour","Yes","Entertainment (videos, movies, music)","Joy","3","Occasionally","Rarely","Good","Weight gain","Rarely","Very High","Have lost interest","Almost all the time","Yes","Yes","Rarely","Yes","Less than a day","Noticing negative effects on mental health","Relaxed and refreshed","Yes","No","No change","FOMO (Fear of Missing Out)","Take short breaks from screens","2","Rarely","Yes","I prefer to cope alone"
"2023/10/14 5:04:48 PM GMT+6","I Agree","23","Male","Student","5-6 hours","Smartphone","Always","Always","Yes","Multiple times a day","Less than 1 hour","Yes","Social media updates","Relaxation","4","Not at all","Never","Excellent","No changes","Never","Very low","Still enjoy activities","Rarely","Yes","Yes","Rarely","Yes","1-3 days","Noticing negative effects on mental health","No significant change","Yes","Yes","Used technology less","FOMO (Fear of Missing Out)","Take short breaks from screens","3","Occasionally","Yes","I seek support from friends or family"
"2023/10/14 5:11:24 PM GMT+6","I Agree","23","Male","Student","5-6 hours","Smartphone","Often","Always","Yes","Multiple times a day","Less than 1 hour","Yes","Entertainment (videos, movies, music)","Relaxation","2","Frequently","Frequently","Fair","No changes","Occasionally","Low","Have lost interest","Occasionally","No","No","Occasionally","Yes","More than a week","Improving productivity","Relaxed and refreshed","No","Yes","Used technology less","Boredom","Practice mindfulness or meditation","2","Rarely","Yes","I participate in online communities or forums"
"2023/10/14 5:11:49 PM GMT+6","I Agree","23","Male","Student","5-6 hours","Smartphone","Always","Always","Yes","Multiple times a day","3-4 hours","Yes","Entertainment (videos, movies, music)","Relaxation","2","Frequently","Frequently","Poor","No changes","Never","Moderate","Have lost interest","Frequently","No","Yes","Frequently","No","I have never practiced digital detox","I have never practiced digital detox","I have never practiced digital detox","No","No","I have never practiced digital detox","I have never practiced digital detox","Take short breaks from screens","3","Frequently","Yes","I prefer to cope alone"
"2023/10/14 5:12:32 PM GMT+6","I Agree","21","Male","Student","5-6 hours","Computer/Laptop","Always","Always","Yes","Multiple times a day","Less than 1 hour","Yes","Entertainment (videos, movies, music)","Relaxation","1","Almost all the time","Frequently","Very Poor","Increased appetite","Rarely","Moderate","Have lost interest","Almost all the time","No","Yes","Rarely","No","Less than a day","Improving productivity","Anxious or stressed","No","No","No change","Boredom","Take short breaks from screens","1","Rarely","Yes","I seek support from friends or family"
"2023/10/14 5:12:35 PM GMT+6","I Agree","23","Male","Student","More than 6 hours","Computer/Laptop","Always","Always","Yes","Multiple times a day","More than 6 hours","Yes","Entertainment (videos, movies, music)","Joy","5","Not at all","Occasionally","Fair","Loss of appetite","Rarely","Very low","Still enjoy activities","Almost all the time","Yes","Yes","Occasionally","Yes","Less than a day","Feeling overwhelmed or stressed","Relaxed and refreshed","Yes","Yes","Used technology more mindfully","FOMO (Fear of Missing Out)","Take short breaks from screens","4","Occasionally","Yes","I participate in online communities or forums"
"2023/10/14 5:14:24 PM GMT+6","I Agree","21","Female","Student","5-6 hours","Smartphone","Always","Always","Yes","Multiple times a day","Less than 1 hour","Yes","Entertainment (videos, movies, music)","Joy","1","Almost all the time","Frequently","Poor","No changes","Occasionally","Moderate","Have lost interest","Frequently","Yes","No","Rarely","Yes","4-7 days","Improving productivity","No significant change","Yes","No","No change","FOMO (Fear of Missing Out)","Unplug from technology for a designated period","3","Never","Yes","I prefer to cope alone"
"2023/10/14 5:15:33 PM GMT+6","I Agree","21","Male","Student","More than 6 hours","Computer/Laptop","Often","Often","Yes","Multiple times a day","Less than 1 hour","Yes","Entertainment (videos, movies, music)","Frustration","1","Almost all the time","Never","Very Poor","Increased appetite","Rarely","High","Still enjoy activities","Occasionally","No","No","Frequently","Yes","4-7 days","Feeling overwhelmed or stressed","No significant change","No","No","Used technology more mindfully","Difficulty staying disconnected","Set specific time limits for technology use","3","Rarely","Yes","I prefer to cope alone"
"2023/10/14 5:17:02 PM GMT+6","I Agree","23","Female","Student","More than 6 hours","Smartphone","Always","Always","Yes","Multiple times a day","3-4 hours","Yes","Entertainment (videos, movies, music)","Relaxation","2","Almost all the time","Frequently","Very Poor","Weight loss","Frequently","Moderate","Still enjoy activities","Frequently","Yes","Yes","Occasionally","Yes","Less than a day","Feeling overwhelmed or stressed","Relaxed and refreshed","Yes","Yes","Used technology more mindfully","FOMO (Fear of Missing Out)","Take short breaks from screens","3","Frequently","Yes","I seek support from friends or family"
"2023/10/14 5:17:08 PM GMT+6","I Agree","22","Female","Student","5-6 hours","Smartphone","Always","Always","Yes","Multiple times a day","Less than 1 hour","Yes","Social media updates","Relaxation","5","Frequently","Almost all the time","Excellent","No changes","Rarely","Very low","Have lost interest","Rarely","No","Yes","Rarely","No","I have never practiced digital detox","I have never practiced digital detox","I have never practiced digital detox","No","No","I have never practiced digital detox","I have never practiced digital detox","Take short breaks from screens","3","Never","Yes","I seek support from friends or family"
"2023/10/14 5:22:54 PM GMT+6","I Agree","21","Male","Student","More than 6 hours","Computer/Laptop","Occasionally","Often","Yes","Multiple times a day","Less than 1 hour","Yes","Social media updates","Joy","5","Frequently","Rarely","Good","Weight loss","Occasionally","Very High","Still enjoy activities","Rarely","No","Yes","Rarely","Yes","1-3 days","Noticing negative effects on mental health","Relaxed and refreshed","Yes","Yes","Used technology less","Social pressure to stay connected","Take short breaks from screens","1","Frequently","Yes","I prefer to cope alone"
"2023/10/14 5:25:39 PM GMT+6","I Agree","22","Male","Student","5-6 hours","Computer/Laptop","Occasionally","Often","Yes","Once a day","Less than 1 hour","Yes","News and information","Relaxation","2","Occasionally","Occasionally","Fair","No changes","Rarely","Moderate","Still enjoy activities","Frequently","No","No","Rarely","Yes","More than a week","Focusing on in-person relationships","Relaxed and refreshed","Yes","No","Used technology more mindfully","None, it was easy and enjoyable","Unplug from technology for a designated period","4","Occasionally","Yes","I seek support from friends or family"
"2023/10/14 5:28:41 PM GMT+6","I Agree","23","Male","Student","More than 6 hours","Smartphone","Always","Always","Yes","Multiple times a day","1-2 hours","Yes","I usually chat a lot","Relaxation","1","Almost all the time","Almost all the time","Poor","Loss of appetite","Occasionally","Very low","Have lost interest","Frequently","Yes","No","Occasionally","No","I have never practiced digital detox","I have never practiced digital detox","I have never practiced digital detox","No","No","I have never practiced digital detox","I have never practiced digital detox","Take short breaks from screens","1","Occasionally","No","I prefer to cope alone"
"2023/10/14 6:17:35 PM GMT+6","I Agree","22","Male","Student","More than 6 hours","Smartphone","Always","Always","Yes","Multiple times a day","Less than 1 hour","Yes","Entertainment (videos, movies, music)","Joy","2","Frequently","Frequently","Fair","Loss of appetite","Rarely","Moderate","Have lost interest","Occasionally","Yes","Yes","Frequently","No","1-3 days","I have never practiced digital detox","Anxious or stressed","No","Yes","I have never practiced digital detox","I have never practiced digital detox","Take short breaks from screens","3","Rarely","Yes","I prefer to cope alone"
"2023/10/14 6:29:41 PM GMT+6","I Agree","22","Male","Student","More than 6 hours","Computer/Laptop","Always","Always","Yes","Multiple times a day","Less than 1 hour","Yes","Entertainment (videos, movies, music)","Joy","3","Frequently","Frequently","Excellent","Weight gain","Rarely","Low","Have lost interest","Frequently","Yes","No","Rarely","Yes","More than a week","Noticing negative effects on mental health","Relaxed and refreshed","Yes","Yes","No change","Social pressure to stay connected","Take short breaks from screens","4","Never","No","I prefer to cope alone"
"2023/10/14 6:37:21 PM GMT+6","I Agree","23","Male","Student","More than 6 hours","Computer/Laptop","Occasionally","Often","Yes","Once a day","Less than 1 hour","No","Educational content","Excitement","3","Occasionally","Rarely","Good","Increased appetite","Occasionally","Moderate","Still enjoy activities","Occasionally","Yes","Yes","Occasionally","Yes","1-3 days","Focusing on in-person relationships","Relaxed and refreshed","Yes","Yes","Used technology more mindfully","None, it was easy and enjoyable","Take short breaks from screens","4","Rarely","Yes","I seek support from friends or family"
"2023/10/14 6:44:45 PM GMT+6","I Agree","23","Female","Student","More than 6 hours","Smartphone","Always","Always","Yes","Multiple times a day","Less than 1 hour","Yes","Entertainment (videos, movies, music)","Joy","4","Occasionally","Rarely","Good","No changes","Never","High","Still enjoy activities","Occasionally","No","Yes","Occasionally","No","I have never practiced digital detox","I have never practiced digital detox","I have never practiced digital detox","No","No","I have never practiced digital detox","I have never practiced digital detox","Engage in outdoor activities","4","Never","Yes","I seek support from friends or family"
"2023/10/14 6:46:12 PM GMT+6","I Agree","22","Female","Student","More than 6 hours","Smartphone","Always","Often","Yes","Multiple times a day","5-6 hours","Yes","Entertainment (videos, movies, music)","Anxiety","1","Almost all the time","Almost all the time","Very Poor","Weight gain","Almost all the time","Very low","Have lost interest","Almost all the time","Yes","No","Rarely","Yes","1-3 days","Feeling overwhelmed or stressed","No significant change","No","Yes","No change","Difficulty staying disconnected","Engage in outdoor activities","3","Occasionally","Yes","I prefer to cope alone"
"2023/10/14 6:54:35 PM GMT+6","I Agree","23 years","Female","Student","3-4 hours","Smartphone","Always","Often","Yes","Multiple times a day","Less than 1 hour","Yes","Educational content","Stress","3","Frequently","Rarely","Poor","Loss of appetite","Occasionally","Moderate","Have lost interest","Almost all the time","No","Yes","Rarely","Yes","1-3 days","Improving productivity","No significant change","Yes","No","Used technology more mindfully","Difficulty staying disconnected","Unplug from technology for a designated period","4","Rarely","Yes","I attend social events or gatherings"
"2023/10/14 6:55:20 PM GMT+6","I Agree","22","Female","Student","More than 6 hours","Computer/Laptop","Always","Rarely","Yes","Multiple times a day","3-4 hours","Yes","Entertainment (videos, movies, music)","Relaxation","2","Almost all the time","Occasionally","Fair","Increased appetite","Almost all the time","Low","Have lost interest","Frequently","Yes","Yes","Frequently","Yes","More than a week","Feeling overwhelmed or stressed","Anxious or stressed","No","No","No change","None, it was easy and enjoyable","Practice mindfulness or meditation","3","Frequently","No","I prefer to cope alone"
"2023/10/14 6:55:34 PM GMT+6","I Agree","22+","Female","Student","3-4 hours","Smartphone","Always","Always","Yes","Rarely or never","1-2 hours","Yes","Educational content","Joy","3","Occasionally","Rarely","Excellent","No changes","Rarely","Moderate","Still enjoy activities","Occasionally","No","Yes","Frequently","Yes","Less than a day","Feeling overwhelmed or stressed","Relaxed and refreshed","Yes","Yes","Used technology more mindfully","None, it was easy and enjoyable","Engage in outdoor activities","4","Frequently","Yes","I prefer to cope alone"
"2023/10/14 6:56:30 PM GMT+6","I Agree","22","Male","Student","More than 6 hours","Smartphone","Always","Often","Yes","Multiple times a day","1-2 hours","Yes","Entertainment (videos, movies, music)","Anxiety","2","Frequently","Frequently","Fair","No changes","Occasionally","Low","Have lost interest","Frequently","Yes","Yes","Rarely","Yes","Less than a day","Noticing negative effects on mental health","Relaxed and refreshed","Yes","Yes","No change","Boredom","Take short breaks from screens","3","Never","Yes","I seek support from friends or family"
"2023/10/14 6:57:52 PM GMT+6","I Agree","20","Male","Student","3-4 hours","Computer/Laptop","Always","Never","Yes","Multiple times a day","Less than 1 hour","Yes","Social media updates","Anxiety","3","Occasionally","Occasionally","Good","No changes","Rarely","Moderate","Have lost interest","Occasionally","Yes","No","Occasionally","Yes","More than a week","Improving productivity","No significant change","Yes","Yes","Used technology more mindfully","None, it was easy and enjoyable","Take short breaks from screens","3","Never","No","I prefer to cope alone"
"2023/10/14 6:59:39 PM GMT+6","I Agree","23","Male","Student","More than 6 hours","Computer/Laptop","Always","Always","Yes","Multiple times a day","Less than 1 hour","Yes","Entertainment (videos, movies, music)","Excitement","2","Frequently","Almost all the time","Poor","Weight gain","Almost all the time","Moderate","Have lost interest","Occasionally","Yes","Yes","Frequently","Yes","Less than a day","Focusing on in-person relationships","Anxious or stressed","No","No","Used technology more mindfully","Social pressure to stay connected","Talk to friends or family about technology-related stress","3","Rarely","Yes","I prefer to cope alone"
"2023/10/14 7:02:19 PM GMT+6","I Agree","23","Female","Student","More than 6 hours","Computer/Laptop","Often","Always","Yes","Multiple times a day","3-4 hours","Yes","Entertainment (videos, movies, music)","Stress","1","Frequently","Frequently","Fair","Weight loss","Occasionally","Moderate","Have lost interest","Almost all the time","Yes","Yes","Occasionally","Yes","Less than a day","Noticing negative effects on mental health","Relaxed and refreshed","Yes","Yes","Used technology more mindfully","FOMO (Fear of Missing Out)","Take short breaks from screens","4","Never","Yes","I prefer to cope alone"
"2023/10/14 7:25:33 PM GMT+6","I Agree","23","Female","Student","3-4 hours","Smartphone","Always","Always","Yes","Multiple times a day","Less than 1 hour","Yes","Entertainment (videos, movies, music)","Frustration","3","Occasionally","Frequently","Very Poor","No changes","Almost all the time","Very low","Still enjoy activities","Almost all the time","No","Yes","Occasionally","Yes","More than a week","Improving productivity","Relaxed and refreshed","Yes","Yes","Used technology more mindfully","FOMO (Fear of Missing Out)","Unplug from technology for a designated period","3","Occasionally","Yes","I prefer to cope alone"
"2023/10/14 7:54:16 PM GMT+6","I Agree","23","Male","Student","More than 6 hours","Computer/Laptop","Often","Often","Yes","Multiple times a day","Less than 1 hour","Yes","Entertainment (videos, movies, music)","Relaxation","3","Occasionally","Rarely","Fair","Weight loss","Never","Moderate","Still enjoy activities","Rarely","Yes","No","Occasionally","No","I have never practiced digital detox","I have never practiced digital detox","I have never practiced digital detox","No","Yes","I have never practiced digital detox","I have never practiced digital detox","Take short breaks from screens","4","Rarely","No","I prefer to cope alone"
"2023/10/14 8:48:44 PM GMT+6","I Agree","21","Female","Student","3-4 hours","Smartphone","Always","Always","Yes","Multiple times a day","1-2 hours","Yes","Entertainment (videos, movies, music)","Relaxation","3","Frequently","Frequently","Poor","Loss of appetite","Rarely","Low","Have lost interest","Frequently","Yes","Yes","Rarely","Yes","Less than a day","Feeling overwhelmed or stressed","No significant change","No","No","No change","Difficulty staying disconnected","Take short breaks from screens","3","Never","No","I prefer to cope alone"
"2023/10/14 9:03:36 PM GMT+6","I Agree","24","Male","Student","3-4 hours","Smartphone","Often","Often","Yes","Multiple times a day","Less than 1 hour","Yes","Entertainment (videos, movies, music)","Joy","3","Frequently","Frequently","Fair","No changes","Occasionally","Moderate","Still enjoy activities","Frequently","Yes","No","Frequently","Yes","Less than a day","Feeling overwhelmed or stressed","Anxious or stressed","No","No","No change","Social pressure to stay connected","Engage in outdoor activities","3","Frequently","Yes","I prefer to cope alone"
"2023/10/14 9:04:22 PM GMT+6","I Agree","23","Male","Student","3-4 hours","Smartphone","Always","Often","Yes","Multiple times a day","Less than 1 hour","Yes","Entertainment (videos, movies, music)","Relaxation","4","Not at all","Rarely","Fair","No changes","Occasionally","Moderate","Still enjoy activities","Rarely","No","Yes","Rarely","No","Less than a day","I have never practiced digital detox","No significant change","No","No","No change","I have never practiced digital detox","Take short breaks from screens","4","Rarely","Yes","I participate in online communities or forums"
"2023/10/14 9:09:27 PM GMT+6","I Agree","23","Male","Student","5-6 hours","Computer/Laptop","Always","Always","Yes","Multiple times a day","Less than 1 hour","Yes","Entertainment (videos, movies, music)","Frustration","3","Frequently","Frequently","Very Poor","No changes","Occasionally","Low","Have lost interest","Frequently","Yes","Yes","Occasionally","Yes","More than a week","Improving productivity","No significant change","Yes","Yes","Used technology less","Boredom","Unplug from technology for a designated period","3","Occasionally","Yes","I prefer to cope alone"
"2023/10/14 9:29:23 PM GMT+6","I Agree","22","Male","Student","3-4 hours","Computer/Laptop","Often","Often","Yes","Multiple times a day","1-2 hours","Yes","News and information","Frustration","3","Not at all","Occasionally","Fair","No changes","Occasionally","Moderate","Still enjoy activities","Rarely","Yes","Yes","Rarely","Yes","Less than a day","Improving productivity","No significant change","No","Yes","Used technology more mindfully","FOMO (Fear of Missing Out)","Take short breaks from screens","3","Frequently","Yes","I attend social events or gatherings"
"2023/10/14 10:15:22 PM GMT+6","I Agree","21","Male","Student","5-6 hours","Computer/Laptop","Often","Always","Yes","Multiple times a day","Less than 1 hour","Yes","Work-related content","Stress","1","Frequently","Frequently","Poor","Weight gain","Occasionally","Low","Have lost interest","Frequently","Yes","No","Rarely","No","I have never practiced digital detox","I have never practiced digital detox","I have never practiced digital detox","No","Yes","I have never practiced digital detox","I have never practiced digital detox","Unplug from technology for a designated period","3","Never","No","I prefer to cope alone"
"2023/10/14 10:16:51 PM GMT+6","I Agree","20","Male","Student","More than 6 hours","Smartphone","Often","Often","Yes","Multiple times a day","Less than 1 hour","Yes","Entertainment (videos, movies, music)","Anxiety","3","Frequently","Frequently","Poor","Loss of appetite","Occasionally","Low","Have lost interest","Occasionally","Yes","No","Rarely","Yes","Less than a day","Noticing negative effects on mental health","No significant change","No","Yes","No change","Difficulty staying disconnected","Take short breaks from screens","3","Never","No","I prefer to cope alone"
"2023/10/14 10:32:18 PM GMT+6","I Agree","20","Male","Student","More than 6 hours","Computer/Laptop","Always","Always","Yes","Multiple times a day","3-4 hours","Yes","Entertainment (videos, movies, music)","Relaxation","2","Frequently","Rarely","Fair","No changes","Rarely","Moderate","Still enjoy activities","Almost all the time","Yes","Yes","Almost daily","No","I have never practiced digital detox","I have never practiced digital detox","I have never practiced digital detox","No","No","I have never practiced digital detox","I have never practiced digital detox","Take short breaks from screens","4","Never","No","I prefer to cope alone"
"2023/10/14 10:46:18 PM GMT+6","I Agree","34","Female","Employed (full-time)","3-4 hours","Smartphone","Often","Always","Yes","Multiple times a day","3-4 hours","Yes","Social media updates","Stress","2","Frequently","Occasionally","Excellent","No changes","Occasionally","Low","Have lost interest","Occasionally","Yes","Yes","Frequently","Yes","4-7 days","Improving productivity","Relaxed and refreshed","No","Yes","Used technology more mindfully","Difficulty staying disconnected","Talk to friends or family about technology-related stress","2","Frequently","Yes","I seek support from friends or family"
"2023/10/14 11:05:34 PM GMT+6","I Agree","23","Female","Employed (full-time)","3-4 hours","Smartphone","Rarely","Occasionally","Yes","Multiple times a day","1-2 hours","Yes","News and information","Stress","3","Occasionally","Rarely","Good","No changes","Rarely","High","Still enjoy activities","Rarely","No","Yes","Frequently","No","I have never practiced digital detox","I have never practiced digital detox","I have never practiced digital detox","No","No","I have never practiced digital detox","I have never practiced digital detox","Unplug from technology for a designated period","3","Occasionally","Yes","I seek support from friends or family"
"2023/10/14 11:08:46 PM GMT+6","I Agree","22","Male","Student","More than 6 hours","Smartphone","Always","Always","Yes","Several times a week","1-2 hours","Yes","Social media updates","Relaxation","2","Almost all the time","Frequently","Poor","Loss of appetite","Occasionally","Moderate","Still enjoy activities","Frequently","Yes","No","Occasionally","No","I have never practiced digital detox","I have never practiced digital detox","I have never practiced digital detox","No","No","I have never practiced digital detox","I have never practiced digital detox","Unplug from technology for a designated period","3","Rarely","Yes","I prefer to cope alone"
"2023/10/14 11:54:31 PM GMT+6","I Agree","21","Male","Student","More than 6 hours","Computer/Laptop","Always","Always","Yes","Multiple times a day","1-2 hours","Yes","Entertainment (videos, movies, music)","Relaxation","2","Almost all the time","Frequently","Very Poor","Loss of appetite","Rarely","Low","Have lost interest","Almost all the time","No","Yes","Rarely","No","I have never practiced digital detox","I have never practiced digital detox","I have never practiced digital detox","No","No","I have never practiced digital detox","I have never practiced digital detox","Engage in outdoor activities","4","Rarely","Yes","I attend social events or gatherings"
"2023/10/15 12:08:52 AM GMT+6","I Agree","23","Female","Student","5-6 hours","Smartphone","Always","Always","Yes","Multiple times a day","1-2 hours","Yes","Entertainment (videos, movies, music)","Relaxation","3","Occasionally","Rarely","Good","Increased appetite","Occasionally","Moderate","Have lost interest","Frequently","No","Yes","Rarely","No","I have never practiced digital detox","I have never practiced digital detox","I have never practiced digital detox","No","Yes","I have never practiced digital detox","I have never practiced digital detox","Take short breaks from screens","3","Rarely","No","I prefer to cope alone"
"2023/10/15 12:23:31 AM GMT+6","I Agree","22","Male","Student","More than 6 hours","Smartphone","Always","Always","Yes","Multiple times a day","Less than 1 hour","Yes","Entertainment (videos, movies, music)","Relaxation","2","Frequently","Occasionally","Poor","Loss of appetite","Occasionally","Moderate","Have lost interest","Occasionally","Yes","No","Occasionally","Yes","Less than a day","Feeling overwhelmed or stressed","Anxious or stressed","No","Yes","Used technology more mindfully","Social pressure to stay connected","Engage in outdoor activities","4","Occasionally","Yes","I prefer to cope alone"
"2023/10/15 12:57:15 AM GMT+6","I Agree","25","Female","Student","5-6 hours","Smartphone","Always","Always","Yes","Multiple times a day","Less than 1 hour","Yes","Social media updates","Stress","4","Occasionally","Occasionally","Fair","Weight loss","Occasionally","Moderate","Still enjoy activities","Occasionally","Yes","Yes","Rarely","Yes","1-3 days","Improving productivity","No significant change","No","Yes","Used technology more mindfully","FOMO (Fear of Missing Out)","Take short breaks from screens","3","Rarely","Yes","I seek support from friends or family"
"2023/10/15 1:06:17 AM GMT+6","I Agree","25","Male","Unemployed","Less than 1 hour","Computer/Laptop","Never","Never","Yes","Rarely or never","5-6 hours","Yes","News and information","Sadness","4","Almost all the time","Occasionally","Fair","Loss of appetite","Frequently","Moderate","Have lost interest","Frequently","Yes","No","Rarely","Yes","Less than a day","Feeling overwhelmed or stressed","Anxious or stressed","Yes","Yes","No change","Boredom","Unplug from technology for a designated period","2","Occasionally","Yes","I prefer to cope alone"
"2023/10/15 1:25:48 AM GMT+6","I Agree","18","Female","Student","5-6 hours","Smartphone","Always","Always","Yes","Multiple times a day","1-2 hours","Yes","Entertainment (videos, movies, music)","Relaxation","2","Frequently","Frequently","Poor","Weight gain","Occasionally","Low","Have lost interest","Almost all the time","Yes","No","Rarely","Yes","1-3 days","Feeling overwhelmed or stressed","No significant change","No","Yes","Used technology less","Difficulty staying disconnected","Set specific time limits for technology use","3","Rarely","Yes","I prefer to cope alone"
"2023/10/15 1:39:53 AM GMT+6","I Agree","18","Female","Student","3-4 hours","Computer/Laptop","Occasionally","Always","Yes","Multiple times a day","3-4 hours","Yes","Entertainment (videos, movies, music)","Joy","1","Almost all the time","Never","Good","Weight loss","Rarely","Moderate","Still enjoy activities","Almost all the time","Yes","No","Frequently","Yes","More than a week","Focusing on in-person relationships","No significant change","Yes","No","No change","Boredom","Unplug from technology for a designated period","3","Always","Yes","I prefer to cope alone"
"2023/10/15 1:55:16 AM GMT+6","I Agree","69","Female","Retired","More than 6 hours","Vibrator ","Always","Always","Yes","Multiple times a day","Less than 1 hour","Yes","Satisfaction ","Joy","5","Not at all","Never","Excellent","No changes","Never","Very High","Still enjoy activities","Rarely","No","No","Almost daily","No","4-7 days","Detox mane Jani na","Aeh???","No","Yes","Vary naic ","Texting her first","Fap fap fap","3","Always","Yes","Dhong kori"
"2023/10/15 2:08:39 AM GMT+6","I Agree","23","Female","Employed (full-time)","More than 6 hours","Computer/Laptop","Often","Often","Yes","Multiple times a day","5-6 hours","Yes","Entertainment (videos, movies, music)","Excitement","2","Frequently","Frequently","Fair","Weight gain","Frequently","Moderate","Have lost interest","Frequently","No","No","Rarely","Yes","More than a week","Improving productivity","Relaxed and refreshed","Yes","Yes","Used technology more mindfully","None, it was easy and enjoyable","Unplug from technology for a designated period","3","Rarely","Yes","I prefer to cope alone"
"2023/10/15 2:27:34 AM GMT+6","I Agree","24","Female","Student","5-6 hours","Smartphone","Often","Always","Yes","Multiple times a day","Less than 1 hour","Yes","Entertainment (videos, movies, music)","Relaxation","3","Frequently","Frequently","Good","No changes","Occasionally","High","Still enjoy activities","Occasionally","Yes","Yes","Occasionally","No","I have never practiced digital detox","I have never practiced digital detox","I have never practiced digital detox","No","No","I have never practiced digital detox","I have never practiced digital detox","Engage in outdoor activities","3","Frequently","Yes","I prefer to cope alone"
"2023/10/15 5:13:31 AM GMT+6","I Agree","25","Female","Student","3-4 hours","Smartphone","Always","Always","Yes","Multiple times a day","Less than 1 hour","Yes","Social media updates","Excitement","3","Frequently","Occasionally","Fair","Weight loss","Rarely","Moderate","Still enjoy activities","Almost all the time","Yes","No","Rarely","No","I have never practiced digital detox","Noticing negative effects on mental health","Anxious or stressed","No","No","Used technology more mindfully","I have never practiced digital detox","Set specific time limits for technology use","2","Always","No","I participate in online communities or forums"
"2023/10/15 6:58:41 AM GMT+6","I Agree","22","Male","Student","3-4 hours","Smartphone","Always","Always","Yes","Multiple times a day","Less than 1 hour","Yes","Entertainment (videos, movies, music)","Relaxation","3","Not at all","Occasionally","Excellent","No changes","Rarely","High","Still enjoy activities","Rarely","Yes","Yes","Frequently","Yes","4-7 days","Noticing negative effects on mental health","Relaxed and refreshed","Yes","Yes","Used technology less","Difficulty staying disconnected","Take short breaks from screens","4","Frequently","No","I prefer to cope alone"
"2023/10/15 9:38:41 AM GMT+6","I Agree","23","Female","Unemployed","3-4 hours","Smartphone","Always","Occasionally","Yes","Several times a week","1-2 hours","Yes","Food related ","Relaxation","4","Occasionally","Occasionally","Fair","Weight gain","Rarely","Moderate","Have lost interest","Rarely","Yes","Yes","Frequently","Yes","More than a week","Feeling overwhelmed or stressed","No significant change","Yes","No","Used technology more mindfully","None, it was easy and enjoyable","Take short breaks from screens","4","Always","Yes","I prefer to cope alone"
"2023/10/15 9:57:03 AM GMT+6","I Agree","18","Female","Student","5-6 hours","Smartphone","Often","Never","Yes","Multiple times a day","3-4 hours","Yes","Entertainment (videos, movies, music)","Joy","2","Frequently","Frequently","Excellent","Loss of appetite","Rarely","Moderate","Have lost interest","Frequently","Yes","Yes","Rarely","Yes","Less than a day","Improving productivity","Relaxed and refreshed","Yes","Yes","Used technology less","Difficulty staying disconnected","Talk to friends or family about technology-related stress","3","Never","No","I prefer to cope alone"
"2023/10/15 10:44:45 AM GMT+6","I Agree","24","Female","Student","More than 6 hours","Smartphone","Always","Always","Yes","Multiple times a day","Less than 1 hour","Yes","Social media updates","Anxiety","3","Frequently","Frequently","Poor","Increased appetite","Almost all the time","Very low","Still enjoy activities","Almost all the time","Yes","No","Frequently","No","Less than a day","Improving productivity","Relaxed and refreshed","No","Yes","No change","Social pressure to stay connected","Engage in outdoor activities","4","Always","Yes","I prefer to cope alone"
"2023/10/15 11:14:55 AM GMT+6","I Agree","21","Female","Student","More than 6 hours","Smartphone","Often","Often","Yes","Multiple times a day","Less than 1 hour","Yes","Educational content","Joy","3","Almost all the time","Frequently","Fair","No changes","Frequently","Moderate","Have lost interest","Frequently","No","No","Rarely","Yes","1-3 days","Improving productivity","No significant change","Yes","Yes","No change","Boredom","Take short breaks from screens","3","Occasionally","No","I prefer to cope alone"
"2023/10/15 11:29:01 AM GMT+6","I Agree","22","Male","Student","More than 6 hours","Smartphone","Always","Always","No","Multiple times a day","1-2 hours","Yes","Entertainment (videos, movies, music)","Frustration","3","Occasionally","Occasionally","Good","Weight gain","Rarely","Low","Have lost interest","Occasionally","Yes","No","Occasionally","No","I have never practiced digital detox","I have never practiced digital detox","I have never practiced digital detox","No","No","I have never practiced digital detox","I have never practiced digital detox","Talk to friends or family about technology-related stress","4","Rarely","Yes","I seek support from friends or family"
"2023/10/15 12:25:14 PM GMT+6","I Agree","23","Male","Student","More than 6 hours","Computer/Laptop","Always","Occasionally","Yes","Multiple times a day","Less than 1 hour","Yes","Entertainment (videos, movies, music)","Excitement","4","Occasionally","Rarely","Poor","Weight gain","Frequently","Moderate","Still enjoy activities","Frequently","No","No","Rarely","Yes","1-3 days","Focusing on in-person relationships","Relaxed and refreshed","Yes","Yes","Used technology more mindfully","FOMO (Fear of Missing Out)","Set specific time limits for technology use","4","Occasionally","Yes","I prefer to cope alone"
"2023/10/15 1:07:30 PM GMT+6","I Agree","23","Female","Student","3-4 hours","Computer/Laptop","Never","Never","Yes","Multiple times a day","Less than 1 hour","Yes","Entertainment (videos, movies, music)","Relaxation","3","Occasionally","Occasionally","Fair","No changes","Never","Moderate","Still enjoy activities","Occasionally","No","Yes","Occasionally","Yes","4-7 days","Noticing negative effects on mental health","Relaxed and refreshed","Yes","Yes","Used technology more mindfully","None, it was easy and enjoyable","Unplug from technology for a designated period","4","Occasionally","Yes","I prefer to cope alone"
"2023/10/15 1:14:45 PM GMT+6","I Agree","24","Male","Employed (full-time)","More than 6 hours","Computer/Laptop","Occasionally","Occasionally","Yes","Once a day","1-2 hours","No","Work-related content","Excitement","4","Occasionally","Occasionally","Good","No changes","Rarely","Moderate","Have lost interest","Rarely","No","Yes","Frequently","Yes","Less than a day","Focusing on in-person relationships","Relaxed and refreshed","Yes","Yes","Used technology more mindfully","FOMO (Fear of Missing Out)","Engage in outdoor activities","5","Occasionally","Yes","I seek support from friends or family"
"2023/10/15 1:38:17 PM GMT+6","I Agree","22","Female","Student","More than 6 hours","Smartphone","Often","Often","Yes","Multiple times a day","1-2 hours","Yes","Entertainment (videos, movies, music)","Stress","3","Frequently","Frequently","Poor","Increased appetite","Frequently","Low","Have lost interest","Frequently","No","Yes","Rarely","Yes","Less than a day","Improving productivity","No significant change","Yes","Yes","Used technology more mindfully","Boredom","Take short breaks from screens","4","Rarely","Yes","I prefer to cope alone"
"2023/10/15 1:40:27 PM GMT+6","I Agree","21","Male","Student","More than 6 hours","Computer/Laptop","Always","Always","Yes","Multiple times a day","Less than 1 hour","Yes","Entertainment (videos, movies, music)","Joy","4","Not at all","Rarely","Fair","No changes","Occasionally","High","Still enjoy activities","Occasionally","No","Yes","Frequently","Yes","More than a week","Improving productivity","Relaxed and refreshed","Yes","Yes","Used technology more mindfully","None, it was easy and enjoyable","Take short breaks from screens","4","Frequently","Yes","I prefer to cope alone"
"2023/10/15 1:41:30 PM GMT+6","I Agree","22","Male","Student","3-4 hours","Smartphone","Always","Rarely","Yes","Multiple times a day","Less than 1 hour","Yes","Educational content","Excitement","4","Occasionally","Rarely","Fair","No changes","Occasionally","Moderate","Still enjoy activities","Occasionally","No","No","Occasionally","No","I have never practiced digital detox","I have never practiced digital detox","I have never practiced digital detox","No","No","I have never practiced digital detox","I have never practiced digital detox","Take short breaks from screens","4","Rarely","No","I prefer to cope alone"
"2023/10/15 1:42:22 PM GMT+6","I Agree","23","Male","Student","1-2 hours","Smartphone","Often","Always","Yes","Multiple times a day","Less than 1 hour","Yes","Social media updates","Relaxation","3","Frequently","Occasionally","Poor","Weight gain","Frequently","Low","Have lost interest","Frequently","No","No","Rarely","No","I have never practiced digital detox","I have never practiced digital detox","I have never practiced digital detox","No","No","I have never practiced digital detox","I have never practiced digital detox","Take short breaks from screens","3","Occasionally","Yes","I prefer to cope alone"
"2023/10/15 1:50:33 PM GMT+6","I Agree","23","Female","Student","3-4 hours","Smartphone","Often","Always","Yes","Multiple times a day","Less than 1 hour","Yes","Educational content","Relaxation","3","Occasionally","Frequently","Fair","Weight loss","Occasionally","Moderate","Still enjoy activities","Frequently","No","No","Occasionally","Yes","1-3 days","Improving productivity","Relaxed and refreshed","Yes","Yes","Used technology more mindfully","FOMO (Fear of Missing Out)","Set specific time limits for technology use","4","Occasionally","Yes","I prefer to cope alone"
"2023/10/15 1:55:34 PM GMT+6","I Agree","26","Female","Employed (full-time)","5-6 hours","Computer/Laptop","Occasionally","Always","Yes","Multiple times a day","1-2 hours","Yes","Entertainment (videos, movies, music)","Relaxation","3","Occasionally","Frequently","Good","Weight gain","Rarely","Moderate","Still enjoy activities","Occasionally","Yes","Yes","Frequently","Yes","Less than a day","Focusing on in-person relationships","Relaxed and refreshed","Yes","Yes","Used technology more mindfully","Boredom","Engage in outdoor activities","3","Occasionally","Yes","I seek support from friends or family"
"2023/10/15 2:25:11 PM GMT+6","I Agree","23","Male","Student","5-6 hours","Computer/Laptop","Always","Always","Yes","Multiple times a day","Less than 1 hour","Yes","News and information","Excitement","4","Occasionally","Frequently","Very Poor","Loss of appetite","Rarely","Moderate","Have lost interest","Frequently","Yes","No","Frequently","Yes","1-3 days","Feeling overwhelmed or stressed","less stressed, more bored, and more uninformed","Yes","No","tech use increased and became even more uncontrollable","I disliked not staying updated about my interests; also boredom","sleeping/lying, exercise, or doing something fun","4","Frequently","Yes","I prefer to cope alone"
"2023/10/15 2:39:10 PM GMT+6","I Agree","23","Male","Student","5-6 hours","Computer/Laptop","Always","Always","Yes","Multiple times a day","Less than 1 hour","Yes","Social media updates","Relaxation","3","Frequently","Frequently","Fair","Increased appetite","Frequently","Moderate","Have lost interest","Frequently","Yes","Yes","Rarely","Yes","1-3 days","Feeling overwhelmed or stressed","Relaxed and refreshed","Yes","Yes","Used technology less","FOMO (Fear of Missing Out)","Take short breaks from screens","3","Occasionally","No","I seek support from friends or family"
"2023/10/15 2:41:36 PM GMT+6","I Agree","24","Female","Student","More than 6 hours","Smartphone","Always","Always","Yes","Multiple times a day","3-4 hours","Yes","All of the above ","Relaxation","1","Almost all the time","Almost all the time","Very Poor","Loss of appetite","Almost all the time","Moderate","Have lost interest","Almost all the time","Yes","No","Occasionally","Yes","1-3 days","All of the above ","No significant change","Yes","No","Used technology more mindfully","All of the above ","Practice mindfulness or meditation","5","Occasionally","Yes","All of the above "
"2023/10/15 2:41:40 PM GMT+6","I Agree","25","Female","Employed (full-time)","More than 6 hours","Smartphone","Often","Always","Yes","Multiple times a day","Less than 1 hour","Yes","Entertainment (videos, movies, music)","Relaxation","3","Occasionally","Rarely","Fair","No changes","Occasionally","Moderate","Still enjoy activities","Frequently","Yes","Yes","Rarely","Yes","Less than a day","Focusing on in-person relationships","Relaxed and refreshed","No","Yes","Used technology more mindfully","FOMO (Fear of Missing Out)","Take short breaks from screens","3","Rarely","Yes","I prefer to cope alone"
"2023/10/15 2:44:46 PM GMT+6","I Agree","24","Female","Employed (full-time)","More than 6 hours","Smartphone","Always","Always","Yes","Multiple times a day","Less than 1 hour","Yes","Entertainment (videos, movies, music)","Relaxation","5","Occasionally","Occasionally","Excellent","No changes","Never","Moderate","Still enjoy activities","Rarely","No","Yes","Rarely","No","I have never practiced digital detox","I have never practiced digital detox","I have never practiced digital detox","No","No","I have never practiced digital detox","I have never practiced digital detox","Take short breaks from screens","5","Never","Yes","I seek support from friends or family"
"2023/10/15 3:05:44 PM GMT+6","I Agree","22","Female","Student","More than 6 hours","Smartphone","Often","Always","Yes","Multiple times a day","Less than 1 hour","Yes","Entertainment (videos, movies, music)","Relaxation","3","Occasionally","Frequently","Fair","Weight gain","Frequently","Low","Have lost interest","Occasionally","Yes","Yes","Rarely","No","I have never practiced digital detox","I have never practiced digital detox","I have never practiced digital detox","Yes","Yes","Used technology more mindfully","FOMO (Fear of Missing Out)","Take short breaks from screens","3","Occasionally","Yes","I prefer to cope alone"
"2023/10/15 3:14:11 PM GMT+6","I Agree","19","Male","Student","More than 6 hours","Smartphone","Always","Often","Yes","Multiple times a day","1-2 hours","Yes","Entertainment (videos, movies, music)","Joy","3","Frequently","Rarely","Fair","No changes","Never","Moderate","Still enjoy activities","Frequently","Yes","No","Rarely","Yes","1-3 days","Focusing on in-person relationships","Anxious or stressed","Yes","No","No change","Boredom","Engage in outdoor activities","3","Frequently","Yes","I prefer to cope alone"
"2023/10/15 3:46:49 PM GMT+6","I Agree","20","Female","Student","More than 6 hours","Smartphone","Always","Occasionally","Yes","Multiple times a day","Less than 1 hour","Yes","Entertainment (videos, movies, music)","Relaxation","4","Almost all the time","Never","Excellent","No changes","Rarely","Low","Have lost interest","Occasionally","Yes","No","Rarely","No","I have never practiced digital detox","I have never practiced digital detox","I have never practiced digital detox","No","No","I have never practiced digital detox","I have never practiced digital detox","Take short breaks from screens","4","Never","No","I prefer to cope alone"
"2023/10/15 3:58:22 PM GMT+6","I Agree","24","Male","Student","More than 6 hours","Smartphone","Always","Always","Yes","Multiple times a day","1-2 hours","Yes","News and information","Stress","2","Frequently","Rarely","Poor","Weight gain","Frequently","Moderate","Still enjoy activities","Frequently","Yes","Yes","Rarely","No","I have never practiced digital detox","Noticing negative effects on mental health","Relaxed and refreshed","Yes","Yes","No change","Boredom","Take short breaks from screens","3","Rarely","Yes","I prefer to cope alone"
"2023/10/15 4:03:49 PM GMT+6","I Agree","24","Male","Employed (full-time)","More than 6 hours","Computer/Laptop","Always","Always","Yes","Multiple times a day","Less than 1 hour","Yes","Entertainment (videos, movies, music)","Anxiety","3","Frequently","Rarely","Poor","Loss of appetite","Frequently","High","Still enjoy activities","Occasionally","Yes","Yes","Occasionally","Yes","Less than a day","Noticing negative effects on mental health","Relaxed and refreshed","Yes","Yes","Used technology more mindfully","FOMO (Fear of Missing Out)","Take short breaks from screens","4","Occasionally","Yes","I prefer to cope alone"
"2023/10/15 5:15:19 PM GMT+6","I Agree","26","Male","Student","3-4 hours","Smartphone","Often","Often","Yes","Multiple times a day","3-4 hours","Yes","Entertainment (videos, movies, music)","Excitement","3","Occasionally","Rarely","Fair","No changes","Rarely","Moderate","Still enjoy activities","Rarely","No","No","Occasionally","No","I have never practiced digital detox","I have never practiced digital detox","I have never practiced digital detox","No","Yes","I have never practiced digital detox","I have never practiced digital detox","Practice mindfulness or meditation","3","Occasionally","Yes","I attend social events or gatherings"
"2023/10/15 5:31:15 PM GMT+6","I Agree","21","Female","Student","More than 6 hours","Smartphone","Always","Always","Yes","Multiple times a day","Less than 1 hour","Yes","News and information","Stress","2","Frequently","Frequently","Good","No changes","Rarely","Moderate","Have lost interest","Frequently","Yes","Yes","Occasionally","No","I have never practiced digital detox","I have never practiced digital detox","I have never practiced digital detox","No","Yes","I have never practiced digital detox","I have never practiced digital detox","Talk to friends or family about technology-related stress","3","Occasionally","No","I seek support from friends or family"
"2023/10/15 5:32:16 PM GMT+6","I Agree","22","Male","Student","3-4 hours","Computer/Laptop","Occasionally","Always","Yes","Once a day","Less than 1 hour","Yes","Entertainment (videos, movies, music)","Stress","2","Occasionally","Frequently","Fair","Weight loss","Occasionally","Moderate","Still enjoy activities","Occasionally","Yes","No","Rarely","No","I have never practiced digital detox","I have never practiced digital detox","I have never practiced digital detox","No","Yes","I have never practiced digital detox","I have never practiced digital detox","Take short breaks from screens","4","Occasionally","Yes","I prefer to cope alone"
"2023/10/15 5:39:31 PM GMT+6","I Agree","14","Female","Student","5-6 hours","Smartphone","Often","Often","Yes","Multiple times a day","3-4 hours","Yes","Entertainment (videos, movies, music)","Excitement","1","Frequently","Frequently","Fair","Increased appetite","Rarely","Moderate","Have lost interest","Frequently","Yes","No","Rarely","Yes","1-3 days","Noticing negative effects on mental health","Anxious or stressed","Yes","No","No change","Boredom","Seek professional help or counseling","1","Never","Yes","I prefer to cope alone"
"2023/10/15 6:19:33 PM GMT+6","I Agree","22","Female","Student","1-2 hours","Computer/Laptop","Occasionally","Occasionally","Yes","Multiple times a day","Less than 1 hour","Yes","Entertainment (videos, movies, music)","Joy","3","Occasionally","Occasionally","Fair","Loss of appetite","Occasionally","Moderate","Still enjoy activities","Occasionally","Yes","Yes","Occasionally","Yes","1-3 days","Feeling overwhelmed or stressed","No significant change","No","Yes","Used technology less","Social pressure to stay connected","Set specific time limits for technology use","3","Frequently","Yes","I seek support from friends or family"
"2023/10/15 6:58:11 PM GMT+6","I Agree","21","Male","Student","More than 6 hours","Computer/Laptop","Often","Always","Yes","Multiple times a day","Less than 1 hour","Yes","Entertainment (videos, movies, music)","Relaxation","3","Occasionally","Occasionally","Good","No changes","Occasionally","Moderate","Still enjoy activities","Frequently","Yes","Yes","Occasionally","Yes","4-7 days","Focusing on in-person relationships","Relaxed and refreshed","Yes","Yes","Used technology more mindfully","Boredom","Engage in outdoor activities","3","Occasionally","Yes","I prefer to cope alone"
"2023/10/15 7:19:50 PM GMT+6","I Agree","22","Male","Employed (full-time)","More than 6 hours","Computer/Laptop","Often","Often","Yes","Multiple times a day","1-2 hours","Yes","Entertainment (videos, movies, music)","Relaxation","4","Not at all","Rarely","Fair","No changes","Rarely","High","Still enjoy activities","Rarely","No","Yes","Frequently","Yes","Less than a day","Improving productivity","Relaxed and refreshed","Yes","Yes","Used technology less","Boredom","Set specific time limits for technology use","4","Occasionally","Yes","I prefer to cope alone"
"2023/10/15 9:58:08 PM GMT+6","I Agree","23","Female","Student","5-6 hours","Computer/Laptop","Often","Often","Yes","Multiple times a day","1-2 hours","Yes","Entertainment (videos, movies, music)","Relaxation","2","Frequently","Frequently","Fair","Increased appetite","Never","Low","Still enjoy activities","Occasionally","Yes","Yes","Frequently","No","I have never practiced digital detox","I have never practiced digital detox","I have never practiced digital detox","No","Yes","I have never practiced digital detox","I have never practiced digital detox","Take short breaks from screens","3","Occasionally","Yes","I prefer to cope alone"
"2023/10/15 10:24:24 PM GMT+6","I Agree","23","Male","Student","More than 6 hours","Smartphone","Often","Always","Yes","Multiple times a day","1-2 hours","Yes","Entertainment (videos, movies, music)","Relaxation","4","Frequently","Occasionally","Poor","Increased appetite","Occasionally","Moderate","Have lost interest","Frequently","Yes","Yes","Occasionally","Yes","Less than a day","Feeling overwhelmed or stressed","Relaxed and refreshed","No","Yes","Used technology less","Boredom","Take short breaks from screens","3","Rarely","Yes","I prefer to cope alone"
"2023/10/15 11:58:15 PM GMT+6","I Agree","25","Female","Student","3-4 hours","Smartphone","Often","Always","Yes","Multiple times a day","Less than 1 hour","Yes","Entertainment (videos, movies, music)","Joy","3","Occasionally","Rarely","Good","No changes","Rarely","Moderate","Still enjoy activities","Occasionally","Yes","No","Occasionally","No","I have never practiced digital detox","I have never practiced digital detox","I have never practiced digital detox","No","No","I have never practiced digital detox","Boredom","Talk to friends or family about technology-related stress","3","Occasionally","Yes","I prefer to cope alone"
"2023/10/15 11:59:17 PM GMT+6","I Agree","25","Female","Unemployed","5-6 hours","Smartphone","Often","Often","Yes","Several times a week","1-2 hours","Yes","Entertainment (videos, movies, music)","Relaxation","2","Frequently","Frequently","Poor","Weight gain","Occasionally","Low","Still enjoy activities","Frequently","No","Yes","Occasionally","Yes","More than a week","Feeling overwhelmed or stressed","Relaxed and refreshed","Yes","Yes","Used technology less","None, it was easy and enjoyable","Take short breaks from screens","3","Occasionally","Yes","I prefer to cope alone"
"2023/10/15 11:59:35 PM GMT+6","I Agree","25","Male","Employed (full-time)","More than 6 hours","Computer/Laptop","Always","Always","Yes","Multiple times a day","1-2 hours","Yes","Entertainment (videos, movies, music)","Joy","4","Occasionally","Frequently","Good","No changes","Rarely","Low","Still enjoy activities","Occasionally","Yes","Yes","Occasionally","No","I have never practiced digital detox","I have never practiced digital detox","I have never practiced digital detox","No","Yes","I have never practiced digital detox","I have never practiced digital detox","Take short breaks from screens","2","Occasionally","No","I prefer to cope alone"
"2023/10/16 12:01:00 AM GMT+6","I Agree","25","Female","Employed (full-time)","More than 6 hours","Smartphone","Often","Often","Yes","Multiple times a day","Less than 1 hour","Yes","Entertainment (videos, movies, music)","Joy","4","Occasionally","Occasionally","Good","Increased appetite","Occasionally","Moderate","Have lost interest","Occasionally","No","Yes","Occasionally","Yes","Less than a day","Feeling overwhelmed or stressed","No significant change","No","No","No change","FOMO (Fear of Missing Out)","Take short breaks from screens","3","Frequently","Yes","I seek support from friends or family"
"2023/10/16 12:01:41 AM GMT+6","I Agree","29","Male","Employed (full-time)","5-6 hours","Smartphone","Always","Always","Yes","Multiple times a day","Less than 1 hour","Yes","Entertainment (videos, movies, music)","Joy","3","Occasionally","Occasionally","Good","Weight loss","Rarely","High","Have lost interest","Occasionally","Yes","Yes","Rarely","No","I have never practiced digital detox","I have never practiced digital detox","I have never practiced digital detox","No","No","I have never practiced digital detox","I have never practiced digital detox","Take short breaks from screens","4","Rarely","Yes","I prefer to cope alone"
"2023/10/16 12:01:49 AM GMT+6","I Agree","24","Female","Student","More than 6 hours","Smartphone","Always","Often","Yes","Multiple times a day","3-4 hours","Yes","Entertainment (videos, movies, music)","Joy","3","Occasionally","Frequently","Fair","No changes","Rarely","Moderate","Have lost interest","Occasionally","Yes","Yes","Occasionally","Yes","Less than a day","Focusing on in-person relationships","Relaxed and refreshed","Yes","Yes","Used technology more mindfully","Difficulty staying disconnected","Take short breaks from screens","3","Rarely","Yes","I prefer to cope alone"
"2023/10/16 12:03:01 AM GMT+6","I Agree","25","Female","Unemployed","5-6 hours","Computer/Laptop","Occasionally","Often","Yes","Multiple times a day","5-6 hours","Yes","Entertainment (videos, movies, music)","Relaxation","3","Occasionally","Occasionally","Poor","Loss of appetite","Occasionally","Moderate","Have lost interest","Occasionally","Yes","Yes","Rarely","Yes","4-7 days","Feeling overwhelmed or stressed","Relaxed and refreshed","Yes","Yes","Used technology more mindfully","Social pressure to stay connected","Unplug from technology for a designated period","3","Rarely","Yes","I attend social events or gatherings"
"2023/10/16 12:04:01 AM GMT+6","I Agree","24","Male","Student","More than 6 hours","Smartphone","Always","Always","Yes","Multiple times a day","1-2 hours","Yes","Entertainment (videos, movies, music)","Excitement","3","Occasionally","Occasionally","Poor","Weight loss","Occasionally","Low","Still enjoy activities","Occasionally","No","Yes","Rarely","Yes","1-3 days","Noticing negative effects on mental health","Relaxed and refreshed","Yes","Yes","Used technology more mindfully","Social pressure to stay connected","Take short breaks from screens","3","Rarely","Yes","I seek support from friends or family"
"2023/10/16 12:04:16 AM GMT+6","I Agree","23","Male","Student","More than 6 hours","Computer/Laptop","Rarely","Often","Yes","Multiple times a day","Less than 1 hour","Yes","Educational content","Excitement","3","Occasionally","Occasionally","Poor","Weight loss","Frequently","Moderate","Still enjoy activities","Occasionally","Yes","Yes","Occasionally","Yes","Less than a day","Improving productivity","No significant change","Yes","Yes","No change","Difficulty staying disconnected","Set specific time limits for technology use","3","Occasionally","No","I seek support from friends or family"
"2023/10/16 12:07:17 AM GMT+6","I Agree","23","Female","Student","5-6 hours","Smartphone","Often","Always","Yes","Multiple times a day","1-2 hours","Yes","Entertainment (videos, movies, music)","Sadness","1","Almost all the time","Almost all the time","Poor","Weight gain","Frequently","Very low","Have lost interest","Frequently","Yes","No","Rarely","Yes","1-3 days","Curiosity or personal experiment","No significant change","Yes","Yes","Used technology less","Difficulty staying disconnected","Take short breaks from screens","2","Never","Yes","I seek support from friends or family"
"2023/10/16 12:09:43 AM GMT+6","I Agree","25","Female","Employed (full-time)","5-6 hours","Computer/Laptop","Always","Always","Yes","Multiple times a day","Less than 1 hour","Yes","Entertainment (videos, movies, music)","Joy","3","Occasionally","Frequently","Fair","Weight loss","Rarely","Moderate","Still enjoy activities","Occasionally","Yes","No","Frequently","No","Less than a day","I have never practiced digital detox","I have never practiced digital detox","No","No","I have never practiced digital detox","I have never practiced digital detox","Take short breaks from screens","4","Frequently","Yes","I prefer to cope alone"
"2023/10/16 12:14:31 AM GMT+6","I Agree","25","Female","Student","3-4 hours","Smartphone","Often","Always","Yes","Multiple times a day","Less than 1 hour","Yes","Entertainment (videos, movies, music)","Relaxation","3","Occasionally","Occasionally","Poor","No changes","Occasionally","Moderate","Still enjoy activities","Occasionally","No","Yes","Rarely","Yes","4-7 days","Improving productivity","Relaxed and refreshed","No","Yes","No change","None, it was easy and enjoyable","Take short breaks from screens","3","Occasionally","Yes","I attend social events or gatherings"
"2023/10/16 12:16:49 AM GMT+6","I Agree","25","Male","Student","5-6 hours","Computer/Laptop","Often","Occasionally","Yes","Multiple times a day","3-4 hours","Yes","News and information","Relaxation","3","Frequently","Rarely","Poor","Loss of appetite","Occasionally","Moderate","Still enjoy activities","Frequently","Yes","No","Occasionally","No","I have never practiced digital detox","Improving productivity","I have never practiced digital detox","Yes","Yes","I have never practiced digital detox","I have never practiced digital detox","Take short breaks from screens","4","Occasionally","Yes","I seek support from friends or family"
"2023/10/16 12:20:17 AM GMT+6","I Agree","23","Male","Student","3-4 hours","Smartphone","Often","Always","Yes","Multiple times a day","Less than 1 hour","Yes","Entertainment (videos, movies, music)","Relaxation","2","Frequently","Rarely","Poor","No changes","Occasionally","Low","Have lost interest","Frequently","Yes","Yes","Rarely","Yes","1-3 days","Feeling overwhelmed or stressed","Relaxed and refreshed","Yes","Yes","Used technology less","Boredom","Talk to friends or family about technology-related stress","3","Occasionally","Yes","I prefer to cope alone"
"2023/10/16 12:21:15 AM GMT+6","I Agree","24","Male","Employed (full-time)","3-4 hours","Computer/Laptop","Always","Always","Yes","Multiple times a day","Less than 1 hour","Yes","Entertainment (videos, movies, music)","Excitement","2","Occasionally","Rarely","Poor","No changes","Frequently","High","Have lost interest","Rarely","Yes","No","Frequently","Yes","More than a week","Focusing on in-person relationships","Relaxed and refreshed","No","Yes","Used technology more mindfully","FOMO (Fear of Missing Out)","Take short breaks from screens","3","Frequently","Yes","I prefer to cope alone"
"2023/10/16 12:24:57 AM GMT+6","I Agree","22","Female","Student","More than 6 hours","Smartphone","Often","Always","Yes","Multiple times a day","1-2 hours","Yes","Social media updates","Joy","2","Frequently","Almost all the time","Fair","Increased appetite","Rarely","Moderate","Have lost interest","Frequently","Yes","No","Occasionally","No","I have never practiced digital detox","I have never practiced digital detox","I have never practiced digital detox","No","No","I have never practiced digital detox","I have never practiced digital detox","Take short breaks from screens","3","Occasionally","Yes","I prefer to cope alone"
"2023/10/16 12:27:47 AM GMT+6","I Agree","25","Female","Employed (full-time)","More than 6 hours","Smartphone","Often","Always","Yes","Multiple times a day","More than 6 hours","Yes","Entertainment (videos, movies, music)","Excitement","3","Occasionally","Occasionally","Fair","Loss of appetite","Occasionally","Moderate","Still enjoy activities","Almost all the time","Yes","Yes","Occasionally","No","I have never practiced digital detox","I have never practiced digital detox","I have never practiced digital detox","No","Yes","I have never practiced digital detox","I have never practiced digital detox","Take short breaks from screens","3","Occasionally","Yes","I seek support from friends or family"
"2023/10/16 12:30:08 AM GMT+6","I Agree","24","Male","Student","5-6 hours","Smartphone","Often","Always","Yes","Multiple times a day","1-2 hours","Yes","Entertainment (videos, movies, music)","Joy","3","Frequently","Occasionally","Fair","No changes","Rarely","Moderate","Still enjoy activities","Frequently","No","Yes","Occasionally","Yes","4-7 days","Improving productivity","No significant change","Yes","Yes","Used technology less","FOMO (Fear of Missing Out)","Talk to friends or family about technology-related stress","3","Rarely","No","I seek support from friends or family"
"2023/10/16 12:31:39 AM GMT+6","I Agree","26","Male","Employed (full-time)","More than 6 hours","Vibrator","Often","Always","Yes","Multiple times a day","Less than 1 hour","Yes","Andrew Tate","Anxiety","5","Occasionally","Rarely","Fair","No changes","Rarely","High","Still enjoy activities","Rarely","Yes","Yes","Almost daily","Yes","4-7 days","Andrew Tate","I felt like protecting and providing for women","Yes","No","No change","Respecting women","Just say “pera nai, chill” and move on. ","4","Always","Yes","You guessed it right. Andrew Tate"
"2023/10/16 12:34:10 AM GMT+6","I Agree","23","Male","Student","More than 6 hours","Smartphone","Often","Often","Yes","Multiple times a day","1-2 hours","Yes","More or less all sorts of content","Relaxation","3","Frequently","Frequently","Fair","Weight gain","Frequently","Moderate","Still enjoy activities","Frequently","Yes","Yes","Frequently","Yes","Less than a day","Feeling overwhelmed or stressed","Relaxed and refreshed","Yes","Yes","Used technology more mindfully","Boredom","Engage in outdoor activities","5","Frequently","Yes","I prefer to cope alone"
"2023/10/16 12:41:01 AM GMT+6","I Agree","23","Female","Student","5-6 hours","Smartphone","Often","Often","Yes","Multiple times a day","1-2 hours","Yes","Entertainment (videos, movies, music)","Relaxation","2","Frequently","Occasionally","Fair","Weight gain","Occasionally","Moderate","Still enjoy activities","Frequently","No","Yes","Frequently","Yes","1-3 days","Improving productivity","Anxious or stressed","Yes","No","No change","Social pressure to stay connected","Engage in outdoor activities","4","Occasionally","Yes","I seek support from friends or family"
"2023/10/16 12:42:36 AM GMT+6","I Agree","23","Male","Employed (full-time)","More than 6 hours","Smartphone","Always","Always","Yes","Multiple times a day","Less than 1 hour","Yes","Entertainment (videos, movies, music)","Joy","5","Not at all","Rarely","Fair","Weight gain","Occasionally","Low","Have lost interest","Occasionally","Yes","Yes","Rarely","Yes","Less than a day","Noticing negative effects on mental health","Relaxed and refreshed","Yes","Yes","Used technology less","FOMO (Fear of Missing Out)","Take short breaks from screens","2","Occasionally","Yes","I prefer to cope alone"
"2023/10/16 12:44:46 AM GMT+6","I Agree","26","Female","Unemployed","More than 6 hours","Smartphone","Always","Always","Yes","Multiple times a day","3-4 hours","Yes","Social media updates","Joy","4","Occasionally","Occasionally","Good","No changes","Occasionally","Moderate","Have lost interest","Rarely","No","Yes","Rarely","No","I have never practiced digital detox","I have never practiced digital detox","I have never practiced digital detox","No","Yes","I have never practiced digital detox","I have never practiced digital detox","Take short breaks from screens","3","Occasionally","Yes","I prefer to cope alone"
"2023/10/16 12:46:55 AM GMT+6","I Agree","24","Male","Student","More than 6 hours","Computer/Laptop","Always","Occasionally","Yes","Multiple times a day","1-2 hours","Yes","Entertainment (videos, movies, music)","Relaxation","2","Occasionally","Occasionally","Good","Weight gain","Frequently","Moderate","Still enjoy activities","Occasionally","Yes","Yes","Occasionally","Yes","More than a week","Feeling overwhelmed or stressed","No significant change","Yes","No","No change","Difficulty staying disconnected","Take short breaks from screens","3","Occasionally","Yes","I attend social events or gatherings"
"2023/10/16 12:49:01 AM GMT+6","I Agree","24","Male","Employed (part-time)","5-6 hours","Computer/Laptop","Rarely","Always","Yes","Once a day","Less than 1 hour","Yes","News and information","Frustration","2","Frequently","Rarely","Fair","Increased appetite","Rarely","High","Still enjoy activities","Rarely","Yes","No","Almost daily","Yes","More than a week","Hate how society is becoming ","Relaxed and refreshed","No","Yes","Used technology more mindfully","Social pressure to stay connected","Practice mindfulness or meditation","4","Always","Yes","I prefer to cope alone"
"2023/10/16 12:50:18 AM GMT+6","I Agree","25","Female","Student","More than 6 hours","All of the above","Often","Often","Yes","Multiple times a day","Less than 1 hour","Yes","Entertainment (videos, movies, music)","Anxiety","3","Occasionally","Occasionally","Fair","No changes","Rarely","Moderate","Have lost interest","Occasionally","Yes","No","Occasionally","Yes","4-7 days","Feeling overwhelmed or stressed","Anxious or stressed","Yes","No","Everything needs to be balanced ","FOMO (Fear of Missing Out)","All of the above ","3","Occasionally","Yes","I prefer to cope alone"
"2023/10/16 12:51:08 AM GMT+6","I Agree","25","Male","Employed (full-time)","5-6 hours","Computer/Laptop","Often","Always","Yes","Multiple times a day","Less than 1 hour","Yes","Entertainment (videos, movies, music)","Joy","2","Occasionally","Occasionally","Fair","No changes","Rarely","Moderate","Still enjoy activities","Occasionally","No","No","Rarely","No","I have never practiced digital detox","I have never practiced digital detox","I have never practiced digital detox","No","Yes","I have never practiced digital detox","Boredom","Talk to friends or family about technology-related stress","3","Frequently","Yes","I prefer to cope alone"
"2023/10/16 12:52:40 AM GMT+6","I Agree","24","Female","Student","5-6 hours","Smartphone","Always","Always","Yes","Multiple times a day","1-2 hours","Yes","Work-related content","Excitement","4","Occasionally","Occasionally","Good","Weight gain","Occasionally","Moderate","Still enjoy activities","Occasionally","No","Yes","Occasionally","Yes","Less than a day","Improving productivity","Anxious or stressed","Yes","No","Used technology less","Boredom","Set specific time limits for technology use","3","Occasionally","Yes","I seek support from friends or family"
"2023/10/16 12:59:49 AM GMT+6","I Agree","25","Male","Employed (full-time)","3-4 hours","Smartphone","Often","Often","Yes","Multiple times a day","1-2 hours","Yes","Entertainment (videos, movies, music)","Joy","4","Not at all","Rarely","Fair","No changes","Occasionally","Moderate","Have lost interest","Occasionally","Yes","Yes","Occasionally","No","I have never practiced digital detox","I have never practiced digital detox","I have never practiced digital detox","No","No","I have never practiced digital detox","I have never practiced digital detox","Take short breaks from screens","2","Rarely","No","I seek support from friends or family"
"2023/10/16 1:27:47 AM GMT+6","I Agree","99","Others","Unemployed","More than 6 hours","sex hologram","Always","Always","No","Multiple times a day","More than 6 hours","Yes","porn","Anxiety","5","Almost all the time","Almost all the time","Very Poor","Increased appetite","Almost all the time","Very low","Have lost interest","Almost all the time","Yes","Yes","Almost daily","Yes","I have never practiced digital detox","Feeling overwhelmed or stressed","I have never practiced digital detox","No","No","I have never practiced digital detox","Boredom","porn","5","Occasionally","Yes","porn"
"2023/10/16 1:29:27 AM GMT+6","I Agree","19","Male","Student","More than 6 hours","Computer/Laptop","Often","Always","No","Multiple times a day","Less than 1 hour","Yes","Entertainment (videos, movies, music)","Relaxation","1","Almost all the time","Occasionally","Poor","Weight gain","Occasionally","Low","Still enjoy activities","Frequently","Yes","No","Occasionally","No","I have never practiced digital detox","I have never practiced digital detox","I have never practiced digital detox","No","No","I have never practiced digital detox","I have never practiced digital detox","Take short breaks from screens","3","Rarely","No","I prefer to cope alone"
"2023/10/16 1:33:25 AM GMT+6","I Agree","22","Male","Student","More than 6 hours","Computer/Laptop","Occasionally","Often","Yes","Multiple times a day","3-4 hours","Yes","Entertainment (videos, movies, music)","Relaxation","2","Frequently","Frequently","Good","Increased appetite","Occasionally","High","Still enjoy activities","Occasionally","No","Yes","Rarely","Yes","4-7 days","Curiosity or personal experiment","No significant change","Yes","No","Used technology more mindfully","FOMO (Fear of Missing Out)","Engage in outdoor activities","3","Occasionally","No","I prefer to cope alone"
"2023/10/16 1:43:03 AM GMT+6","I Agree","26","Male","Student","More than 6 hours","Computer/Laptop","Always","Often","Yes","Multiple times a day","Less than 1 hour","Yes","Entertainment (videos, movies, music)","Relaxation","1","Almost all the time","Frequently","Poor","Weight gain","Rarely","Moderate","Have lost interest","Almost all the time","Yes","No","Rarely","Yes","Less than a day","Focusing on in-person relationships","No significant change","No","Yes","Used technology more mindfully","FOMO (Fear of Missing Out)","Engage in outdoor activities","3","Never","Yes","I attend social events or gatherings"
"2023/10/16 2:09:30 AM GMT+6","I Agree","26","Male","Employed (full-time)","3-4 hours","Smartphone","Often","Always","Yes","Multiple times a day","Less than 1 hour","Yes","News and information","Relaxation","2","Frequently","Frequently","Poor","Loss of appetite","Frequently","Moderate","Still enjoy activities","Frequently","Yes","No","Frequently","No","I have never practiced digital detox","I have never practiced digital detox","I have never practiced digital detox","No","No","I have never practiced digital detox","I have never practiced digital detox","Engage in outdoor activities","3","Frequently","Yes","I prefer to cope alone"
"2023/10/16 2:23:44 AM GMT+6","I Agree","24","Male","Student","More than 6 hours","Computer/Laptop","Always","Always","Yes","Multiple times a day","More than 6 hours","Yes","Entertainment (videos, movies, music)","Joy","1","Frequently","Occasionally","Very Poor","Loss of appetite","Frequently","Very low","Have lost interest","Almost all the time","Yes","Yes","Occasionally","No","I have never practiced digital detox","I have never practiced digital detox","I have never practiced digital detox","No","No","I have never practiced digital detox","I have never practiced digital detox","Seek professional help or counseling","1","Rarely","Yes","I participate in online communities or forums"
"2023/10/16 2:39:29 AM GMT+6","I Agree","21","Male","Student","5-6 hours","Smartphone","Always","Always","Yes","Multiple times a day","1-2 hours","Yes","Entertainment (videos, movies, music)","Relaxation","5","Not at all","Rarely","Fair","No changes","Occasionally","Low","Still enjoy activities","Rarely","No","No","Rarely","Yes","Less than a day","Curiosity or personal experiment","No significant change","Yes","Yes","Used technology more mindfully","Boredom","Take short breaks from screens","4","Frequently","Yes","I prefer to cope alone"
"2023/10/16 2:59:04 AM GMT+6","I Agree","22","Male","Student","5-6 hours","Smartphone","Always","Always","Yes","Multiple times a day","Less than 1 hour","Yes","Entertainment (videos, movies, music)","Relaxation","2","Frequently","Frequently","Poor","Weight loss","Frequently","Moderate","Still enjoy activities","Frequently","Yes","Yes","Rarely","No","I have never practiced digital detox","I have never practiced digital detox","I have never practiced digital detox","No","Yes","I have never practiced digital detox","I have never practiced digital detox","Take short breaks from screens","1","Never","Yes","I prefer to cope alone"
"2023/10/16 3:19:41 AM GMT+6","I Agree","23","Female","Student","5-6 hours","Smartphone","Always","Always","Yes","Multiple times a day","1-2 hours","Yes","Entertainment (videos, movies, music)","Joy","3","Occasionally","Rarely","Fair","No changes","Occasionally","Moderate","Still enjoy activities","Occasionally","No","Yes","Frequently","Yes","1-3 days","Improving productivity","Relaxed and refreshed","Yes","No","No change","None, it was easy and enjoyable","Engage in outdoor activities","3","Occasionally","Yes","I participate in online communities or forums"
"2023/10/16 3:22:05 AM GMT+6","I Agree","25","Male","Student","3-4 hours","Computer/Laptop","Always","Always","Yes","Multiple times a day","Less than 1 hour","Yes","Educational content","Excitement","3","Occasionally","Frequently","Good","Loss of appetite","Rarely","High","Have lost interest","Occasionally","Yes","Yes","Rarely","No","I have never practiced digital detox","I have never practiced digital detox","I have never practiced digital detox","Yes","No","I have never practiced digital detox","I have never practiced digital detox","Take short breaks from screens","4","Rarely","Yes","I prefer to cope alone"
"2023/10/16 7:15:29 AM GMT+6","I Agree","26","Female","Employed (part-time)","More than 6 hours","Smartphone","Always","Often","Yes","Multiple times a day","Less than 1 hour","Yes","Entertainment (videos, movies, music)","Joy","3","Frequently","Frequently","Fair","Weight gain","Occasionally","Moderate","Have lost interest","Rarely","No","Yes","Rarely","No","I have never practiced digital detox","I have never practiced digital detox","I have never practiced digital detox","No","No","I have never practiced digital detox","I have never practiced digital detox","Talk to friends or family about technology-related stress","2","Frequently","Yes","I prefer to cope alone"
"2023/10/16 7:26:40 AM GMT+6","I Agree","20","Male","Student","More than 6 hours","Computer/Laptop","Occasionally","Rarely","Yes","Multiple times a day","Less than 1 hour","Yes","Entertainment (videos, movies, music)","Relaxation","3","Occasionally","Frequently","Fair","No changes","Rarely","Moderate","Have lost interest","Frequently","Yes","No","Occasionally","Yes","More than a week","Improving productivity","No significant change","No","No","No change","Social pressure to stay connected","Take short breaks from screens","1","Occasionally","Yes","I prefer to cope alone"
"2023/10/16 8:58:45 AM GMT+6","I Agree","25","Male","Employed (full-time)","3-4 hours","Smartphone","Always","Occasionally","Yes","Multiple times a day","Less than 1 hour","Yes","Entertainment (videos, movies, music)","Relaxation","4","Occasionally","Rarely","Poor","No changes","Rarely","Moderate","Have lost interest","Frequently","No","Yes","Frequently","No","I have never practiced digital detox","I have never practiced digital detox","I have never practiced digital detox","No","Yes","I have never practiced digital detox","I have never practiced digital detox","Engage in outdoor activities","5","Frequently","Yes","I seek support from friends or family"
"2023/10/16 9:06:09 AM GMT+6","I Agree","23","Female","Employed (part-time)","5-6 hours","Smartphone","Always","Always","Yes","Multiple times a day","1-2 hours","Yes","Entertainment (videos, movies, music)","Relaxation","2","Almost all the time","Frequently","Very Poor","Loss of appetite","Frequently","Low","Have lost interest","Almost all the time","Yes","Yes","Rarely","Yes","Less than a day","Feeling overwhelmed or stressed","Anxious or stressed","No","Yes","No change","FOMO (Fear of Missing Out)","Take short breaks from screens","3","Rarely","No","I prefer to cope alone"
"2023/10/16 9:24:18 AM GMT+6","I Agree","26","Female","Student","More than 6 hours","Smartphone","Always","Always","Yes","Multiple times a day","Less than 1 hour","Yes","All of the above ","Joy","3","Not at all","Occasionally","Poor","No changes","Rarely","Moderate","Still enjoy activities","Occasionally","No","No","Almost daily","No","I have never practiced digital detox","I have never practiced digital detox","I have never practiced digital detox","No","Yes","I have never practiced digital detox","I have never practiced digital detox","Take short breaks from screens","3","Never","Yes","I prefer to cope alone"
"2023/10/16 9:33:11 AM GMT+6","I Agree","23","Female","Student","3-4 hours","Smartphone","Often","Often","Yes","Multiple times a day","Less than 1 hour","Yes","Entertainment (videos, movies, music)","Relaxation","3","Occasionally","Occasionally","Fair","Weight gain","Occasionally","Moderate","Still enjoy activities","Occasionally","No","Yes","Occasionally","No","I have never practiced digital detox","I have never practiced digital detox","I have never practiced digital detox","No","No","I have never practiced digital detox","I have never practiced digital detox","Take short breaks from screens","3","Occasionally","Yes","I seek support from friends or family"
"2023/10/16 10:00:30 AM GMT+6","I Agree","25","Male","Employed (full-time)","More than 6 hours","Computer/Laptop","Always","Always","Yes","Multiple times a day","1-2 hours","Yes","Entertainment (videos, movies, music)","Relaxation","3","Occasionally","Rarely","Very Poor","No changes","Occasionally","High","Still enjoy activities","Occasionally","No","Yes","Occasionally","No","I have never practiced digital detox","I have never practiced digital detox","I have never practiced digital detox","No","No","I have never practiced digital detox","I have never practiced digital detox","Engage in outdoor activities","5","Occasionally","No","Go out with friends or family"
"2023/10/16 10:24:15 AM GMT+6","I Agree","24","Female","Employed (full-time)","More than 6 hours","Computer/Laptop","Always","Always","Yes","Multiple times a day","Less than 1 hour","Yes","Social media updates","Joy","3","Frequently","Occasionally","Good","Increased appetite","Rarely","Moderate","Still enjoy activities","Frequently","Yes","Yes","Rarely","No","I have never practiced digital detox","I have never practiced digital detox","I have never practiced digital detox","No","Yes","I have never practiced digital detox","I have never practiced digital detox","Practice mindfulness or meditation","3","Never","No","I seek support from friends or family"
"2023/10/16 10:45:44 AM GMT+6","I Agree","23","Female","Student","1-2 hours","Computer/Laptop","Often","Often","Yes","Once a day","Less than 1 hour","Yes","Entertainment (videos, movies, music)","Relaxation","5","Not at all","Rarely","Good","No changes","Rarely","Moderate","Still enjoy activities","Rarely","No","Yes","Occasionally","Yes","1-3 days","Improving productivity","Relaxed and refreshed","Yes","No","Used technology more mindfully","Boredom","Take short breaks from screens","4","Frequently","Yes","I seek support from friends or family"
"2023/10/16 11:01:05 AM GMT+6","I Agree","24","Female","Student","More than 6 hours","Smartphone","Always","Always","Yes","Multiple times a day","1-2 hours","Yes","Entertainment (videos, movies, music)","Relaxation","2","Almost all the time","Frequently","Fair","Weight gain","Frequently","Moderate","Have lost interest","Almost all the time","Yes","Yes","Occasionally","Yes","More than a week","Feeling overwhelmed or stressed","Relaxed and refreshed","Yes","Yes","Used technology less","None, it was easy and enjoyable","Take short breaks from screens","3","Occasionally","Yes","I prefer to cope alone"
"2023/10/16 12:51:52 PM GMT+6","I Agree","25","Male","Student","3-4 hours","Smartphone","Always","Always","Yes","Multiple times a day","1-2 hours","Yes","Entertainment (videos, movies, music)","Joy","1","Occasionally","Frequently","Fair","No changes","Occasionally","Moderate","Have lost interest","Occasionally","Yes","No","Rarely","No","1-3 days","Improving productivity","I have never practiced digital detox","No","Yes","No change","FOMO (Fear of Missing Out)","Talk to friends or family about technology-related stress","4","Occasionally","Yes","I prefer to cope alone"
"2023/10/16 1:02:17 PM GMT+6","I Agree","25","Male","Student","More than 6 hours","Computer/Laptop","Always","Often","Yes","Multiple times a day","Less than 1 hour","Yes","Educational content","Relaxation","5","Not at all","Rarely","Fair","No changes","Never","Moderate","Still enjoy activities","Rarely","No","Yes","Almost daily","Yes","More than a week","Improving productivity","Relaxed and refreshed","No","No","Used technology less","None, it was easy and enjoyable","Engage in outdoor activities","5","Occasionally","Yes","I prefer to cope alone"
"2023/10/16 1:10:04 PM GMT+6","I Agree","23","Male","Student","Less than 1 hour","Smartphone","Always","Always","Yes","Multiple times a day","Less than 1 hour","Yes","Entertainment (videos, movies, music)","Excitement","1","Occasionally","Almost all the time","Poor","No changes","Rarely","Very low","Have lost interest","Rarely","Yes","No","Rarely","Yes","1-3 days","Feeling overwhelmed or stressed","Anxious or stressed","Yes","Yes","No change","Social pressure to stay connected","Take short breaks from screens","3","Rarely","Yes","I seek support from friends or family"
"2023/10/16 1:16:22 PM GMT+6","I Agree","23","Female","Employed (full-time)","3-4 hours","Smartphone","Always","Always","Yes","Multiple times a day","1-2 hours","Yes","Entertainment (videos, movies, music)","Stress","2","Almost all the time","Occasionally","Fair","No changes","Rarely","Low","Have lost interest","Almost all the time","Yes","No","Occasionally","Yes","More than a week","Noticing negative effects on mental health","Relaxed and refreshed","Yes","Yes","No change","None, it was easy and enjoyable","Set specific time limits for technology use","3","Occasionally","Yes","I participate in online communities or forums"
"2023/10/16 1:21:11 PM GMT+6","I Agree","22","Male","Student","3-4 hours","Computer/Laptop","Often","Rarely","Yes","Multiple times a day","Less than 1 hour","No","Entertainment (videos, movies, music)","Excitement","2","Almost all the time","Almost all the time","Very Poor","No changes","Never","Very low","Still enjoy activities","Frequently","Yes","No","Rarely","Yes","More than a week","Improving productivity","Relaxed and refreshed","Yes","No","Used technology more mindfully","Social pressure to stay connected","Take short breaks from screens","3","Occasionally","Yes","I prefer to cope alone"
"2023/10/16 1:29:50 PM GMT+6","I Agree","24","Female","Student","More than 6 hours","Computer/Laptop","Often","Often","Yes","Multiple times a day","Less than 1 hour","Yes","Entertainment (videos, movies, music)","Stress","3","Frequently","Rarely","Fair","No changes","Occasionally","Moderate","Have lost interest","Occasionally","Yes","No","Occasionally","Yes","1-3 days","Improving productivity","No significant change","Yes","Yes","Used technology more mindfully","Social pressure to stay connected","Set specific time limits for technology use","3","Frequently","Yes","I prefer to cope alone"
"2023/10/16 1:35:40 PM GMT+6","I Agree","22","Female","Student","More than 6 hours","Smartphone","Always","Always","Yes","Multiple times a day","1-2 hours","Yes","Entertainment (videos, movies, music)","Relaxation","2","Almost all the time","Frequently","Poor","Loss of appetite","Frequently","Moderate","Still enjoy activities","Frequently","Yes","Yes","Occasionally","Yes","Less than a day","Feeling overwhelmed or stressed","Relaxed and refreshed","Yes","Yes","No change","None, it was easy and enjoyable","Engage in outdoor activities","3","Occasionally","Yes","I prefer to cope alone"
"2023/10/16 1:47:26 PM GMT+6","I Agree","19","Female","Student","5-6 hours","Smartphone","Always","Always","Yes","Multiple times a day","3-4 hours","Yes","Entertainment (videos, movies, music)","Relaxation","2","Frequently","Rarely","Fair","Weight loss","Frequently","Moderate","Still enjoy activities","Occasionally","Yes","No","Frequently","Yes","More than a week","Focusing on in-person relationships","Anxious or stressed","Yes","No","Used technology more mindfully","Boredom","Unplug from technology for a designated period","3","Frequently","Yes","I prefer to cope alone"
"2023/10/16 2:28:25 PM GMT+6","I Agree","23","Male","Student","More than 6 hours","Smartphone","Always","Always","Yes","Multiple times a day","1-2 hours","Yes","Entertainment (videos, movies, music)","Joy","1","Almost all the time","Almost all the time","Very Poor","No changes","Rarely","Very low","Have lost interest","Almost all the time","Yes","No","Rarely","Yes","4-7 days","Noticing negative effects on mental health","No significant change","Yes","No","No change","Difficulty staying disconnected","Playing video games","5","Occasionally","No","I prefer to cope alone"
"2023/10/16 2:36:25 PM GMT+6","I Agree","25","Male","Employed (full-time)","More than 6 hours","Smartphone","Always","Always","No","Multiple times a day","Less than 1 hour","Yes","News and information","Stress","4","Not at all","Rarely","Fair","Increased appetite","Occasionally","Moderate","Have lost interest","Occasionally","Yes","No","Occasionally","No","I have never practiced digital detox","I have never practiced digital detox","I have never practiced digital detox","No","No","I have never practiced digital detox","I have never practiced digital detox","Take short breaks from screens","3","Rarely","Yes","I prefer to cope alone"
"2023/10/16 2:45:58 PM GMT+6","I Agree","21","Male","Student","More than 6 hours","Computer/Laptop","Occasionally","Occasionally","Yes","Multiple times a day","Less than 1 hour","Yes","Entertainment (videos, movies, music)","Relaxation","2","Occasionally","Occasionally","Good","Weight gain","Occasionally","Moderate","Still enjoy activities","Frequently","No","Yes","Occasionally","Yes","More than a week","Focusing on Quizzes, Exams","A mixed feeling between feeling refreshing and at the same time feeling a bit disconnected","Yes","Yes","Used technology more mindfully","Difficulty staying disconnected","Take short breaks from screens","4","Occasionally","Yes","I prefer to cope alone"
"2023/10/16 4:31:58 PM GMT+6","I Agree","28","Male","Employed (full-time)","More than 6 hours","Computer/Laptop","Always","Always","Yes","Multiple times a day","Less than 1 hour","No","Social media updates","Joy","5","Not at all","Rarely","Good","No changes","Rarely","Moderate","Still enjoy activities","Rarely","No","Yes","Occasionally","Yes","1-3 days","Improving productivity","Relaxed and refreshed","Yes","Yes","Used technology more mindfully","Boredom","Engage in outdoor activities","4","Frequently","Yes","I attend social events or gatherings"
"2023/10/16 4:48:46 PM GMT+6","I Agree","25","Male","Employed (full-time)","3-4 hours","Smartphone","Always","Always","Yes","Multiple times a day","1-2 hours","Yes","Entertainment (videos, movies, music)","Joy","1","Almost all the time","Frequently","Poor","Weight loss","Frequently","Low","Have lost interest","Almost all the time","Yes","No","Frequently","Yes","4-7 days","Noticing negative effects on mental health","Relaxed and refreshed","Yes","Yes","Used technology more mindfully","FOMO (Fear of Missing Out)","Engage in outdoor activities","4","Frequently","Yes","I seek support from friends or family"
"2023/10/16 5:36:38 PM GMT+6","I Agree","25","Male","Employed (full-time)","3-4 hours","Smartphone","Always","Always","Yes","Multiple times a day","1-2 hours","Yes","Social media updates","Excitement","3","Occasionally","Occasionally","Fair","Weight loss","Occasionally","Low","Still enjoy activities","Frequently","Yes","No","Occasionally","Yes","4-7 days","Improving productivity","Relaxed and refreshed","Yes","Yes","Used technology more mindfully","Social pressure to stay connected","Take short breaks from screens","3","Frequently","Yes","I attend social events or gatherings"
"2023/10/16 6:05:46 PM GMT+6","I Agree","24","Male","Student","5-6 hours","Smartphone","Occasionally","Often","Yes","Multiple times a day","Less than 1 hour","Yes","News and information","Joy","5","Occasionally","Rarely","Excellent","Increased appetite","Never","Low","Still enjoy activities","Occasionally","Yes","Yes","Rarely","Yes","4-7 days","Noticing negative effects on mental health","No significant change","Yes","Yes","No change","Difficulty staying disconnected","Take short breaks from screens","3","Rarely","Yes","I seek support from friends or family"
"2023/10/16 6:07:11 PM GMT+6","I Agree","25","Male","Employed (full-time)","More than 6 hours","Computer/Laptop","Always","Always","Yes","Multiple times a day","Less than 1 hour","Yes","Social media updates","Relaxation","4","Occasionally","Rarely","Fair","Weight loss","Rarely","Moderate","Still enjoy activities","Occasionally","No","Yes","Rarely","Yes","1-3 days","Focusing on in-person relationships","Relaxed and refreshed","Yes","Yes","Used technology less","None, it was easy and enjoyable","Unplug from technology for a designated period","4","Frequently","Yes","I attend social events or gatherings"
"2023/10/16 7:18:00 PM GMT+6","I Agree","24","Male","Student","More than 6 hours","Computer/Laptop","Often","Always","Yes","Multiple times a day","Less than 1 hour","Yes","Social media updates","Joy","2","Frequently","Almost all the time","Poor","Weight gain","Frequently","Moderate","Have lost interest","Frequently","Yes","No","Rarely","Yes","1-3 days","Feeling overwhelmed or stressed","Relaxed and refreshed","Yes","No","Used technology more mindfully","Social pressure to stay connected","Take short breaks from screens","4","Never","Yes","I prefer to cope alone"
"2023/10/16 11:56:08 PM GMT+6","I Agree","26","Male","Student","More than 6 hours","Computer/Laptop","Rarely","Rarely","Yes","Multiple times a day","1-2 hours","Yes","News and information","Relaxation","3","Occasionally","Rarely","Poor","No changes","Occasionally","Moderate","Have lost interest","Frequently","Yes","Yes","Rarely","Yes","1-3 days","Improving productivity","More Productive","Yes","Yes","No change","Boredom","Take short breaks from screens","3","Never","Yes","I prefer to cope alone"
"2023/10/17 12:00:08 AM GMT+6","I Agree","24","Male","Student","3-4 hours","Smartphone","Often","Always","Yes","Multiple times a day","Less than 1 hour","Yes","Entertainment (videos, movies, music)","Relaxation","4","Occasionally","Never","Good","Increased appetite","Never","Moderate","Still enjoy activities","Occasionally","No","Yes","Occasionally","Yes","1-3 days","Improving productivity","No significant change","No","No","Used technology more mindfully","Boredom","Talk to friends or family about technology-related stress","3","Occasionally","Yes","I attend social events or gatherings"
"2023/10/17 12:19:39 AM GMT+6","I Agree","25","Male","Student","5-6 hours","Smartphone","Always","Always","Yes","Multiple times a day","1-2 hours","Yes","Entertainment (videos, movies, music)","Excitement","2","Frequently","Rarely","Good","Weight loss","Occasionally","Moderate","Still enjoy activities","Frequently","No","No","Occasionally","No","I have never practiced digital detox","I have never practiced digital detox","I have never practiced digital detox","No","No","I have never practiced digital detox","I have never practiced digital detox","Unplug from technology for a designated period","3","Occasionally","Yes","I prefer to cope alone"
"2023/10/17 12:20:05 AM GMT+6","I Agree","25","Male","Employed (full-time)","5-6 hours","Computer/Laptop","Always","Always","Yes","Multiple times a day","Less than 1 hour","Yes","Korean Drama (""Moving"" on Disney+ was really good) ","Excitement","5","Not at all","Rarely","Fair","Weight loss","Rarely","Very High","Still enjoy activities","Occasionally","No","No","Rarely","Yes","More than a week","Improving productivity","No significant change","No","No","No change","Boredom","Engage in outdoor activities","3","Always","Yes","I don't need to cope for such silly things, stress is a myth "
"2023/10/17 12:21:31 AM GMT+6","I Agree","25","Male","Employed (full-time)","More than 6 hours","Smartphone","Often","Always","Yes","Multiple times a day","5-6 hours","Yes","Entertainment (videos, movies, music)","Relaxation","2","Frequently","Occasionally","Poor","Loss of appetite","Rarely","Moderate","Have lost interest","Almost all the time","No","Yes","Rarely","No","I have never practiced digital detox","I have never practiced digital detox","I have never practiced digital detox","No","No","I have never practiced digital detox","I have never practiced digital detox","Engage in outdoor activities","1","Frequently","Yes","I prefer to cope alone"
"2023/10/17 12:22:47 AM GMT+6","I Agree","27","Male","Employed (full-time)","5-6 hours","Computer/Laptop","Occasionally","Occasionally","Yes","Multiple times a day","Less than 1 hour","Yes","Educational content","Joy","4","Occasionally","Rarely","Fair","Loss of appetite","Occasionally","Moderate","Still enjoy activities","Occasionally","No","No","Rarely","No","I have never practiced digital detox","I have never practiced digital detox","I have never practiced digital detox","No","No","I have never practiced digital detox","I have never practiced digital detox","Take short breaks from screens","3","Rarely","Yes","I attend social events or gatherings"
"2023/10/17 12:48:18 AM GMT+6","I Agree","23","Female","Employed (full-time)","5-6 hours","Smartphone","Always","Often","Yes","Multiple times a day","1-2 hours","Yes","Entertainment (videos, movies, music)","Relaxation","2","Frequently","Frequently","Good","Increased appetite","Frequently","Very low","Still enjoy activities","Almost all the time","Yes","Yes","Rarely","No","Less than a day","Improving productivity","Anxious or stressed","Yes","Yes","No change","Boredom","Sleep ","2","Occasionally","Yes","I prefer to cope alone"
"2023/10/17 1:02:30 AM GMT+6","I Agree","25","Male","Student","5-6 hours","Smartphone","Always","Always","Yes","Multiple times a day","Less than 1 hour","Yes","News and information","Joy","4","Not at all","Never","Excellent","No changes","Never","Very low","Still enjoy activities","Rarely","Yes","Yes","Rarely","Yes","Less than a day","Feeling overwhelmed or stressed","Relaxed and refreshed","Yes","Yes","Used technology less","FOMO (Fear of Missing Out)","Take short breaks from screens","4","Never","Yes","I prefer to cope alone"
"2023/10/17 1:11:55 AM GMT+6","I Agree","24","Male","Student","5-6 hours","Computer/Laptop","Occasionally","Often","Yes","Multiple times a day","1-2 hours","Yes","Social media updates","Excitement","4","Occasionally","Rarely","Fair","No changes","Frequently","High","Still enjoy activities","Occasionally","No","Yes","Frequently","No","I have never practiced digital detox","I have never practiced digital detox","I have never practiced digital detox","No","No","I have never practiced digital detox","I have never practiced digital detox","Take short breaks from screens","4","Occasionally","Yes","I participate in online communities or forums"
"2023/10/17 1:13:58 AM GMT+6","I Agree","24","Male","Student","5-6 hours","Computer/Laptop","Always","Always","Yes","Once a day","Less than 1 hour","Yes","Entertainment (videos, movies, music)","Relaxation","2","Frequently","Rarely","Poor","Weight gain","Occasionally","Moderate","Still enjoy activities","Frequently","Yes","Yes","Almost daily","Yes","More than a week","Improving productivity","Relaxed and refreshed","Yes","Yes","No change","None, it was easy and enjoyable","Unplug from technology for a designated period","4","Rarely","Yes","I seek support from friends or family"
"2023/10/17 1:14:58 AM GMT+6","I Agree","20","Male","Unemployed","More than 6 hours","Computer/Laptop","Always","Always","Yes","Rarely or never","Less than 1 hour","Yes","All of them ","Stress","5","Not at all","Rarely","Excellent","Weight loss","Occasionally","Very High","Still enjoy activities","Occasionally","Yes","No","Rarely","Yes","I have never practiced digital detox","Noticing negative effects on mental health","Anxious or stressed","Yes","Yes","No change","None, it was easy and enjoyable","Engage in outdoor activities","4","Occasionally","Yes","I prefer to cope alone"
"2023/10/17 1:30:55 AM GMT+6","I Agree","100","Others","Employed (full-time)","More than 6 hours","Computer/Laptop","Often","Always","Yes","Once a week","1-2 hours","Yes","All of the above.","Anxiety","1","Almost all the time","Almost all the time","Very Poor","Weight loss","Almost all the time","Low","Still enjoy activities","Almost all the time","Yes","No","Frequently","Yes","Less than a day","Noticing negative effects on mental health","Relaxed and refreshed","Yes","Yes","Used technology more mindfully","None, it was easy and enjoyable","Engage in outdoor activities","3","Frequently","Yes","2 and 3 option"
"2023/10/17 1:37:28 AM GMT+6","I Agree","26","Male","Employed (part-time)","5-6 hours","Computer/Laptop","Often","Often","Yes","Multiple times a day","3-4 hours","Yes","Entertainment (videos, movies, music)","Relaxation","2","Frequently","Occasionally","Poor","Weight gain","Rarely","Low","Have lost interest","Occasionally","Yes","No","Rarely","Yes","1-3 days","Curiosity or personal experiment","No significant change","No","Yes","Used technology less","Boredom","Take short breaks from screens","2","Rarely","No","I prefer to cope alone"
"2023/10/17 3:12:16 AM GMT+6","I Agree","24","Male","Employed (full-time)","1-2 hours","Smartphone","Occasionally","Always","Yes","Multiple times a day","1-2 hours","Yes","Educational content","Relaxation","5","Not at all","Occasionally","Fair","Loss of appetite","Never","Very High","Still enjoy activities","Occasionally","Yes","Yes","Occasionally","Yes","1-3 days","Improving productivity","Relaxed and refreshed","Yes","Yes","Used technology more mindfully","Boredom","Engage in outdoor activities","4","Frequently","Yes","I attend social events or gatherings"
"2023/10/17 12:28:51 PM GMT+6","I Agree","22","Female","Student","3-4 hours","Smartphone","Always","Always","Yes","Multiple times a day","Less than 1 hour","Yes","Entertainment (videos, movies, music)","Relaxation","2","Frequently","Occasionally","Very Poor","Weight gain","Frequently","Low","Have lost interest","Frequently","Yes","No","Rarely","No","I have never practiced digital detox","I have never practiced digital detox","I have never practiced digital detox","No","No","I have never practiced digital detox","I have never practiced digital detox","Unplug from technology for a designated period","3","Never","Yes","I prefer to cope alone"
"2023/10/17 1:21:41 PM GMT+6","I Agree","23","Female","Student","5-6 hours","Smartphone","Always","Always","Yes","Multiple times a day","Less than 1 hour","Yes","Social media updates","Relaxation","3","Frequently","Frequently","Fair","Weight gain","Occasionally","Low","Still enjoy activities","Frequently","Yes","Yes","Frequently","Yes","Less than a day","Feeling overwhelmed or stressed","No significant change","Yes","No","Used technology less","Social pressure to stay connected","Engage in outdoor activities","3","Occasionally","Yes","I seek support from friends or family"
"2023/10/17 2:41:59 PM GMT+6","I Agree","24","Female","Employed (full-time)","More than 6 hours","Computer/Laptop","Always","Often","Yes","Multiple times a day","1-2 hours","Yes","Entertainment (videos, movies, music)","Stress","3","Almost all the time","Occasionally","Very Poor","No changes","Almost all the time","Moderate","Have lost interest","Frequently","Yes","Yes","Occasionally","Yes","4-7 days","Improving productivity","Relaxed and refreshed","Yes","No","Used technology more mindfully","Boredom","Engage in outdoor activities","3","Occasionally","Yes","I prefer to cope alone"
"2023/10/17 2:48:59 PM GMT+6","I Agree","24","Female","Employed (full-time)","More than 6 hours","Computer/Laptop","Always","Always","Yes","Multiple times a day","1-2 hours","Yes","Entertainment (videos, movies, music)","Stress","3","Almost all the time","Occasionally","Very Poor","No changes","Almost all the time","Moderate","Have lost interest","Frequently","Yes","Yes","Rarely","Yes","More than a week","Improving productivity","No significant change","Yes","No","Used technology more mindfully","None, it was easy and enjoyable","Engage in outdoor activities","3","Occasionally","Yes","I prefer to cope alone"
"2023/10/17 3:41:18 PM GMT+6","I Agree","24","Female","Employed (full-time)","More than 6 hours","Smartphone","Always","Never","Yes","Multiple times a day","Less than 1 hour","Yes","Entertainment (videos, movies, music)","Joy","3","Occasionally","Occasionally","Fair","No changes","Occasionally","Moderate","Still enjoy activities","Occasionally","No","Yes","Occasionally","Yes","Less than a day","Feeling overwhelmed or stressed","Relaxed and refreshed","Yes","Yes","Used technology less","Boredom","Take short breaks from screens","3","Occasionally","Yes","I seek support from friends or family"
"2023/10/17 4:01:10 PM GMT+6","I Agree","26","Male","Employed (full-time)","1-2 hours","Smartphone","Always","Often","Yes","Multiple times a day","Less than 1 hour","Yes","Entertainment (videos, movies, music)","Relaxation","5","Not at all","Rarely","Fair","No changes","Rarely","High","Still enjoy activities","Occasionally","No","Yes","Almost daily","No","I have never practiced digital detox","I have never practiced digital detox","I have never practiced digital detox","No","No","I have never practiced digital detox","I have never practiced digital detox","Engage in outdoor activities","4","Always","Yes","I seek support from friends or family"
"2023/10/17 4:03:37 PM GMT+6","I Agree","24","Male","Student","5-6 hours","Computer/Laptop","Always","Occasionally","Yes","Once a day","Less than 1 hour","Yes","Entertainment (videos, movies, music)","Joy","4","Occasionally","Occasionally","Fair","No changes","Never","Moderate","Still enjoy activities","Occasionally","No","Yes","Occasionally","Yes","1-3 days","Busy hanging out with friends and family ","No significant change","No","Yes","Used technology less","None, it was easy and enjoyable","Engage in outdoor activities","3","Frequently","Yes","I prefer to cope alone"
"2023/10/17 5:08:38 PM GMT+6","I Agree","25","Male","Employed (full-time)","1-2 hours","Gaming","Occasionally","Never","Yes","Rarely or never","Less than 1 hour","Yes","Work-related content","Joy","5","Not at all","Rarely","Excellent","No changes","Never","Very High","Still enjoy activities","Occasionally","No","Yes","Frequently","No","I have never practiced digital detox","I don’t need social detox","I have never practiced digital detox","No","No","I have never practiced digital detox","I have never practiced digital detox","I don’t get stress from technology ","1","Always","Yes","Hobbies"
"2023/10/17 7:37:28 PM GMT+6","I Agree","21","Female","Student","More than 6 hours","Smartphone","Always","Often","Yes","Multiple times a day","Less than 1 hour","Yes","Entertainment (videos, movies, music)","Excitement","2","Almost all the time","Frequently","Fair","Weight loss","Rarely","Very low","Have lost interest","Almost all the time","Yes","No","Rarely","Yes","1-3 days","Noticing negative effects on mental health","No significant change","Yes","Yes","Used technology less","FOMO (Fear of Missing Out)","Take short breaks from screens","4","Never","No","I prefer to cope alone"
"2023/10/17 8:19:20 PM GMT+6","I Agree","21","Female","Student","More than 6 hours","Smartphone","Always","Always","Yes","Multiple times a day","1-2 hours","Yes","Entertainment (videos, movies, music)","Stress","3","Frequently","Occasionally","Fair","Increased appetite","Frequently","Moderate","Have lost interest","Frequently","Yes","No","Rarely","Yes","Less than a day","Feeling overwhelmed or stressed","No significant change","Yes","Yes","No change","None, it was easy and enjoyable","Unplug from technology for a designated period","3","Rarely","Yes","I prefer to cope alone"
"2023/10/17 8:35:37 PM GMT+6","I Agree","23","Male","Student","5-6 hours","Smartphone","Always","Always","Yes","Multiple times a day","Less than 1 hour","Yes","Entertainment (videos, movies, music)","Relaxation","1","Almost all the time","Almost all the time","Good","Loss of appetite","Occasionally","Low","Have lost interest","Almost all the time","Yes","No","Occasionally","Yes","Less than a day","Noticing negative effects on mental health","Anxious or stressed","Yes","Yes","Used technology less","FOMO (Fear of Missing Out)","Take short breaks from screens","4","Rarely","Yes","I prefer to cope alone"
"2023/10/17 9:38:06 PM GMT+6","I Agree","14","Female","Student","More than 6 hours","Smartphone","Always","Always","Yes","Multiple times a day","1-2 hours","Yes","Entertainment (videos, movies, music)","Joy","4","Frequently","Frequently","Fair","Loss of appetite","Frequently","Moderate","Still enjoy activities","Frequently","No","Yes","Almost daily","No","I have never practiced digital detox","I have never practiced digital detox","I have never practiced digital detox","No","Yes","I have never practiced digital detox","I have never practiced digital detox","Engage in outdoor activities","5","Always","Yes","I seek support from friends or family"
"2023/10/17 9:55:35 PM GMT+6","I Agree","23","Male","Employed (full-time)","3-4 hours","Computer/Laptop","Occasionally","Always","Yes","Multiple times a day","Less than 1 hour","Yes","Entertainment (videos, movies, music)","Anxiety","3","Occasionally","Almost all the time","Very Poor","No changes","Occasionally","Moderate","Still enjoy activities","Frequently","No","Yes","Occasionally","Yes","I have never practiced digital detox","I have never practiced digital detox","I have never practiced digital detox","No","No","I have never practiced digital detox","I have never practiced digital detox","Talk to friends or family about technology-related stress","4","Occasionally","No","I seek support from friends or family"
"2023/10/17 10:04:58 PM GMT+6","I Agree","27","Female","Employed (full-time)","More than 6 hours","Smartphone","Always","Always","Yes","Multiple times a day","Less than 1 hour","Yes","Social media updates","Joy","3","Occasionally","Occasionally","Very Poor","Weight gain","Frequently","Moderate","Still enjoy activities","Frequently","No","Yes","Frequently","No","I have never practiced digital detox","I have never practiced digital detox","I have never practiced digital detox","No","No","I have never practiced digital detox","Difficulty staying disconnected","Talk to friends or family about technology-related stress","5","Frequently","Yes","I seek support from friends or family"
"2023/10/17 10:41:31 PM GMT+6","I Agree","21","Male","Student","3-4 hours","Smartphone","Often","Often","Yes","Multiple times a day","1-2 hours","Yes","Work-related content","Relaxation","3","Occasionally","Frequently","Fair","No changes","Rarely","Moderate","Still enjoy activities","Occasionally","No","No","Almost daily","Yes","More than a week","Feeling overwhelmed or stressed","Relaxed and refreshed","No","No","Used technology less","Boredom","Take short breaks from screens","3","Always","Yes","I prefer to cope alone"
"2023/10/17 10:43:06 PM GMT+6","I Agree","24","Male","Student","5-6 hours","Computer/Laptop","Often","Always","Yes","Several times a week","Less than 1 hour","Yes","News and information","Stress","2","Frequently","Frequently","Fair","Weight gain","Rarely","High","Still enjoy activities","Rarely","Yes","No","Almost daily","Yes","More than a week","Improving productivity","No significant change","No","Yes","Used technology more mindfully","FOMO (Fear of Missing Out)","Engage in outdoor activities","4","Always","Yes","I prefer to cope alone"
"2023/10/17 10:44:28 PM GMT+6","I Agree","23","Male","Student","5-6 hours","Computer/Laptop","Often","Always","Yes","Multiple times a day","Less than 1 hour","Yes","Entertainment (videos, movies, music)","Relaxation","4","Occasionally","Occasionally","Poor","Weight gain","Rarely","Moderate","Still enjoy activities","Occasionally","No","Yes","Rarely","No","I have never practiced digital detox","I have never practiced digital detox","I have never practiced digital detox","No","No","I have never practiced digital detox","I have never practiced digital detox","Take short breaks from screens","4","Occasionally","Yes","I seek support from friends or family"
"2023/10/17 10:45:00 PM GMT+6","I Agree","23","Male","Student","More than 6 hours","Computer/Laptop","Often","Always","Yes","Multiple times a day","Less than 1 hour","Yes","Entertainment (videos, movies, music)","Joy","4","Occasionally","Occasionally","Fair","No changes","Rarely","Moderate","Still enjoy activities","Occasionally","No","Yes","Occasionally","Yes","1-3 days","Improving productivity","Relaxed and refreshed","Yes","No","Used technology less","None, it was easy and enjoyable","Take short breaks from screens","4","Rarely","Yes","I seek support from friends or family"
"2023/10/17 10:47:13 PM GMT+6","I Agree","23","Male","Student","3-4 hours","Smartphone","Always","Always","Yes","Multiple times a day","1-2 hours","No","Entertainment (videos, movies, music)","Excitement","4","Occasionally","Rarely","Good","No changes","Never","Moderate","Still enjoy activities","Rarely","No","Yes","Rarely","Yes","More than a week","Curiosity or personal experiment","Relaxed and refreshed","No","Yes","Used technology less","Boredom","Talk to friends or family about technology-related stress","3","Frequently","Yes","I seek support from friends or family"
"2023/10/17 10:47:55 PM GMT+6","I Agree","22","Male","Student","More than 6 hours","Smartphone","Always","Often","Yes","Multiple times a day","Less than 1 hour","Yes","Social media updates","Relaxation","4","Occasionally","Frequently","Fair","No changes","Frequently","Moderate","Still enjoy activities","Frequently","Yes","No","Rarely","No","I have never practiced digital detox","I have never practiced digital detox","I have never practiced digital detox","No","No","I have never practiced digital detox","I have never practiced digital detox","Take short breaks from screens","4","Occasionally","Yes","I attend social events or gatherings"
"2023/10/17 10:49:18 PM GMT+6","I Agree","23","Male","Student","1-2 hours","Smartphone","Often","Often","Yes","Multiple times a day","Less than 1 hour","Yes","Entertainment (videos, movies, music)","Frustration","1","Occasionally","Rarely","Very Poor","Weight loss","Frequently","Very High","Still enjoy activities","Frequently","No","Yes","Rarely","No","I have never practiced digital detox","Curiosity or personal experiment","Relaxed and refreshed","No","Yes","No change","Social pressure to stay connected","Set specific time limits for technology use","3","Rarely","No","I seek support from friends or family"
"2023/10/17 10:54:57 PM GMT+6","I Agree","24","Female","Student","More than 6 hours","Computer/Laptop","Often","Often","Yes","Multiple times a day","Less than 1 hour","Yes","Entertainment (videos, movies, music)","Relaxation","3","Frequently","Occasionally","Poor","Loss of appetite","Occasionally","Low","Have lost interest","Occasionally","No","No","Rarely","No","I have never practiced digital detox","I have never practiced digital detox","I have never practiced digital detox","No","Yes","I have never practiced digital detox","I have never practiced digital detox","Take short breaks from screens","3","Never","Yes","I prefer to cope alone"
"2023/10/17 11:01:08 PM GMT+6","I Agree","24","Male","Unemployed","More than 6 hours","Smartphone","Always","Always","Yes","Multiple times a day","3-4 hours","Yes","Social media updates","Frustration","2","Almost all the time","Occasionally","Good","Loss of appetite","Rarely","Moderate","Have lost interest","Frequently","Yes","Yes","Almost daily","Yes","More than a week","Noticing negative effects on mental health","Relaxed and refreshed","No","Yes","No change","None, it was easy and enjoyable","Take short breaks from screens","3","Rarely","Yes","I prefer to cope alone"
"2023/10/17 11:01:49 PM GMT+6","I Agree","18","Male","Student","1-2 hours","Smartphone","Occasionally","Occasionally","Yes","Multiple times a day","Less than 1 hour","Yes","Entertainment (videos, movies, music)","Joy","5","Not at all","Never","Excellent","No changes","Never","Very low","Still enjoy activities","Rarely","Yes","Yes","Rarely","Yes","Less than a day","Feeling overwhelmed or stressed","Relaxed and refreshed","Yes","Yes","Used technology less","FOMO (Fear of Missing Out)","Take short breaks from screens","1","Never","Yes","I prefer to cope alone"
"2023/10/17 11:08:01 PM GMT+6","I Agree","24","Male","Student","More than 6 hours","Smartphone","Always","Always","Yes","Multiple times a day","1-2 hours","Yes","Entertainment (videos, movies, music)","Excitement","3","Occasionally","Almost all the time","Very Poor","No changes","Rarely","Moderate","Still enjoy activities","Frequently","No","Yes","Frequently","No","I have never practiced digital detox","I have never practiced digital detox","I have never practiced digital detox","No","No","I have never practiced digital detox","I have never practiced digital detox","Take short breaks from screens","3","Never","No","I prefer to cope alone"
"2023/10/17 11:08:18 PM GMT+6","I Agree","17","Male","Student","More than 6 hours","Smartphone","Always","Always","Yes","Multiple times a day","Less than 1 hour","Yes","Entertainment (videos, movies, music)","Relaxation","2","Frequently","Frequently","Poor","Loss of appetite","Occasionally","Low","Have lost interest","Frequently","Yes","No","Rarely","No","4-7 days","Noticing negative effects on mental health","No significant change","No","No","No change","Boredom","Unplug from technology for a designated period","2","Occasionally","Yes","I prefer to cope alone"
"2023/10/17 11:08:19 PM GMT+6","I Agree","18","Male","Student","3-4 hours","Computer/Laptop","Always","Always","Yes","Multiple times a day","Less than 1 hour","Yes","Entertainment (videos, movies, music)","Joy","3","Occasionally","Occasionally","Fair","No changes","Occasionally","Moderate","Still enjoy activities","Frequently","Yes","No","Rarely","No","I have never practiced digital detox","I have never practiced digital detox","I have never practiced digital detox","No","No","I have never practiced digital detox","I have never practiced digital detox","Take short breaks from screens","1","Never","No","I attend social events or gatherings"
"2023/10/17 11:10:17 PM GMT+6","I Agree","17","Male","Student","5-6 hours","Smartphone","Often","Rarely","Yes","Multiple times a day","3-4 hours","Yes","Entertainment (videos, movies, music)","Relaxation","3","Frequently","Frequently","Fair","No changes","Rarely","Moderate","Still enjoy activities","Occasionally","Yes","No","Rarely","No","I have never practiced digital detox","I have never practiced digital detox","I have never practiced digital detox","No","No","I have never practiced digital detox","I have never practiced digital detox","Take short breaks from screens","2","Rarely","Yes","I prefer to cope alone"
"2023/10/17 11:10:22 PM GMT+6","I Agree","18","Male","Student","3-4 hours","Smartphone","Often","Always","Yes","Multiple times a day","Less than 1 hour","Yes","Social media updates","Relaxation","4","Occasionally","Occasionally","Poor","Loss of appetite","Rarely","High","Still enjoy activities","Occasionally","No","Yes","Occasionally","Yes","1-3 days","Improving productivity","No significant change","No","Yes","No change","Boredom","Take short breaks from screens","3","Occasionally","Yes","I prefer to cope alone"
"2023/10/17 11:12:32 PM GMT+6","I Agree","23","Male","Student","5-6 hours","Smartphone","Always","Never","Yes","Several times a week","Less than 1 hour","Yes","News and information","Joy","5","Occasionally","Never","Excellent","No changes","Rarely","High","Still enjoy activities","Rarely","Yes","Yes","Rarely","Yes","More than a week","Improving productivity","Relaxed and refreshed","No","Yes","Used technology less","None, it was easy and enjoyable","Take short breaks from screens","5","Rarely","Yes","I prefer to cope alone"
"2023/10/17 11:14:21 PM GMT+6","I Agree","18","Male","Student","3-4 hours","Smartphone","Always","Always","Yes","Multiple times a day","Less than 1 hour","No","Entertainment (videos, movies, music)","Excitement","3","Occasionally","Frequently","Fair","Weight loss","Never","Moderate","Still enjoy activities","Rarely","Yes","Yes","Rarely","Yes","Less than a day","Improving productivity","No significant change","Yes","Yes","Used technology less","FOMO (Fear of Missing Out)","Engage in outdoor activities","3","Frequently","Yes","I prefer to cope alone"
"2023/10/17 11:20:08 PM GMT+6","I Agree","jani na ","Others","Retired","More than 6 hours","nokia 1210 ","Never","Never","No","Rarely or never","Less than 1 hour","No","dirty ones , where they spread dirt all around the country ","Stress","1","Almost all the time","Almost all the time","Very Poor","Loss of appetite","Almost all the time","Very low","Have lost interest","Almost all the time","Yes","No","Rarely","No","More than a week","baal kicchu bujhtesi e na ki hoitese amar mathar upor diye jacche ei shob baal marka questions ","bhai khub e pera jibone kalke exam ar ami eikhane apnader form fill kortesi . abar kalke exam diteo haite jaite hobe karon bhara shob to ami khoroch kore felsi","No","No","eot ki bhai apnar amar jibon apnar eto proshno keno ","bhoy lage je amar imaginary girlfriend amare chaire choile jabe tai shara din phone thaki kintu kono laab hoyna karon keo message e dey na ","aro beshi kore phone chalai  ","1","Never","No","shob manush re gali dewa ar khali gaye rastay haata "
"2023/10/17 11:21:53 PM GMT+6","I Agree","19","Male","Student","More than 6 hours","Smartphone","Always","Always","Yes","Multiple times a day","1-2 hours","Yes","Entertainment (videos, movies, music)","Relaxation","2","Frequently","Frequently","Excellent","Increased appetite","Rarely","Moderate","Still enjoy activities","Frequently","Yes","Yes","Occasionally","Yes","Less than a day","Feeling overwhelmed or stressed","Relaxed and refreshed","Yes","Yes","Used technology more mindfully","FOMO (Fear of Missing Out)","Engage in outdoor activities","4","Frequently","Yes","I prefer to cope alone"
"2023/10/17 11:22:25 PM GMT+6","I Agree","20","Male","Student","1-2 hours","Smartphone","Often","Often","Yes","Multiple times a day","Less than 1 hour","Yes","Social media updates","Frustration","3","Occasionally","Rarely","Poor","No changes","Rarely","High","Still enjoy activities","Rarely","No","No","Rarely","Yes","Less than a day","Curiosity or personal experiment","No significant change","Yes","Yes","Used technology less","Social pressure to stay connected","Engage in outdoor activities","3","Always","Yes","I prefer to cope alone"
"2023/10/17 11:28:13 PM GMT+6","I Agree","18","Female","Student","5-6 hours","Smartphone","Occasionally","Often","Yes","Multiple times a day","1-2 hours","Yes","Entertainment (videos, movies, music)","Excitement","3","Frequently","Occasionally","Fair","Increased appetite","Occasionally","High","Still enjoy activities","Occasionally","No","No","Occasionally","No","I have never practiced digital detox","I have never practiced digital detox","I have never practiced digital detox","No","Yes","I have never practiced digital detox","I have never practiced digital detox","Set specific time limits for technology use","4","Frequently","Yes","I prefer to cope alone"
"2023/10/17 11:32:05 PM GMT+6","I Agree","23","Male","Student","5-6 hours","Smartphone","Always","Always","Yes","Multiple times a day","Less than 1 hour","Yes","Social media updates","Excitement","4","Not at all","Occasionally","Good","No changes","Rarely","Moderate","Still enjoy activities","Rarely","No","Yes","Occasionally","No","I have never practiced digital detox","I have never practiced digital detox","I have never practiced digital detox","No","No","I have never practiced digital detox","I have never practiced digital detox","Take short breaks from screens","4","Rarely","Yes","I seek support from friends or family"
"2023/10/17 11:33:07 PM GMT+6","I Agree","21","Female","Student","3-4 hours","Smartphone","Always","Always","Yes","Multiple times a day","Less than 1 hour","Yes","Entertainment (videos, movies, music)","Frustration","3","Frequently","Almost all the time","Poor","No changes","Never","Moderate","Have lost interest","Frequently","No","Yes","Rarely","Yes","Less than a day","Noticing negative effects on mental health","Relaxed and refreshed","Yes","Yes","Used technology more mindfully","Difficulty staying disconnected","Set specific time limits for technology use","3","Occasionally","Yes","I seek support from friends or family"
"2023/10/17 11:38:32 PM GMT+6","I Agree","45","Male","Student","More than 6 hours","Smartphone","Always","Always","No","Rarely or never","3-4 hours","Yes","Social media updates","Frustration","2","Occasionally","Occasionally","Excellent","No changes","Never","Low","Have lost interest","Occasionally","No","No","Rarely","Yes","1-3 days","Feeling overwhelmed or stressed","Anxious or stressed","Yes","No","No change","Social pressure to stay connected","Set specific time limits for technology use","1","Never","No","I attend social events or gatherings"
"2023/10/17 11:54:11 PM GMT+6","I Agree","17","Male","Student","5-6 hours","Smartphone","Often","Always","Yes","Multiple times a day","Less than 1 hour","Yes","Entertainment (videos, movies, music)","Relaxation","3","Occasionally","Frequently","Good","Weight gain","Rarely","Low","Have lost interest","Occasionally","No","Yes","Rarely","Yes","Less than a day","Improving productivity","No significant change","Yes","Yes","No change","Boredom","Take short breaks from screens","3","Occasionally","Yes","I seek support from friends or family"
"2023/10/18 12:11:15 AM GMT+6","I Agree","23","Male","Employed (full-time)","5-6 hours","Smartphone","Always","Often","Yes","Multiple times a day","Less than 1 hour","Yes","Entertainment (videos, movies, music)","Relaxation","2","Occasionally","Rarely","Good","Weight gain","Rarely","Moderate","Still enjoy activities","Occasionally","No","Yes","Frequently","Yes","Less than a day","Focusing on in-person relationships","No significant change","No","No","No change","FOMO (Fear of Missing Out)","Take short breaks from screens","2","Frequently","Yes","I strategise my priorities "
"2023/10/18 12:12:30 AM GMT+6","I Agree","23","Female","Student","3-4 hours","Computer/Laptop","Often","Always","No","Multiple times a day","5-6 hours","Yes","News and information","Relaxation","1","Not at all","Rarely","Fair","Weight loss","Frequently","Low","Still enjoy activities","Occasionally","Yes","Yes","Rarely","Yes","4-7 days","Noticing negative effects on mental health","Anxious or stressed","Yes","No","No change","FOMO (Fear of Missing Out)","Take short breaks from screens","1","Rarely","Yes","I seek support from friends or family"
"2023/10/18 12:24:43 AM GMT+6","I Agree","22","Male","Employed (part-time)","1-2 hours","Computer/Laptop","Often","Always","Yes","Multiple times a day","Less than 1 hour","No","Entertainment (videos, movies, music)","Stress","3","Occasionally","Occasionally","Fair","Increased appetite","Occasionally","Moderate","Still enjoy activities","Occasionally","Yes","No","Rarely","Yes","More than a week","Noticing negative effects on mental health","No significant change","Yes","No","Used technology more mindfully","Boredom","Take short breaks from screens","3","Rarely","Yes","I prefer to cope alone"
"2023/10/18 12:52:21 AM GMT+6","I Agree","23","Female","Student","3-4 hours","Smartphone","Always","Always","Yes","Multiple times a day","1-2 hours","Yes","Entertainment (videos, movies, music)","Relaxation","2","Frequently","Rarely","Poor","Weight loss","Rarely","High","Still enjoy activities","Frequently","No","Yes","Rarely","Yes","1-3 days","Curiosity or personal experiment","No significant change","No","No","No change","Boredom","Engage in outdoor activities","3","Rarely","Yes","I attend social events or gatherings"
"2023/10/18 12:54:35 AM GMT+6","I Agree","17","Male","Student","3-4 hours","Smartphone","Always","Always","Yes","Multiple times a day","1-2 hours","Yes","Entertainment (videos, movies, music)","Joy","2","Frequently","Frequently","Good","No changes","Never","High","Still enjoy activities","Occasionally","No","Yes","Frequently","No","I have never practiced digital detox","I have never practiced digital detox","I have never practiced digital detox","No","Yes","I have never practiced digital detox","I have never practiced digital detox","Engage in outdoor activities","4","Always","Yes","I seek support from friends or family"
"2023/10/18 1:16:35 AM GMT+6","I Agree","23","Female","Student","3-4 hours","Smartphone","Often","Always","Yes","Multiple times a day","Less than 1 hour","Yes","Social media updates","Joy","1","Almost all the time","Rarely","Excellent","No changes","Frequently","Very low","Have lost interest","Almost all the time","Yes","No","Rarely","No","Less than a day","Curiosity or personal experiment","No significant change","No","Yes","Used technology less","Difficulty staying disconnected","Take short breaks from screens","1","Never","No","I seek support from friends or family"
"2023/10/18 2:24:43 AM GMT+6","I Agree","21","Female","Student","5-6 hours","Smartphone","Often","Often","Yes","Multiple times a day","Less than 1 hour","Yes","News and information","Relaxation","2","Frequently","Almost all the time","Good","Increased appetite","Rarely","Low","Still enjoy activities","Frequently","Yes","No","Rarely","Yes","Less than a day","Improving productivity","Relaxed and refreshed","No","Yes","No change","None, it was easy and enjoyable","Take short breaks from screens","1","Rarely","Yes","I prefer to cope alone"
"2023/10/18 12:33:47 PM GMT+6","I Agree","26","Male","Employed (part-time)","More than 6 hours","Computer/Laptop","Always","Always","Yes","Multiple times a day","Less than 1 hour","Yes","Entertainment (videos, movies, music)","Relaxation","4","Occasionally","Rarely","Poor","Weight loss","Rarely","High","Still enjoy activities","Occasionally","No","Yes","Rarely","Yes","More than a week","Improving productivity","Relaxed and refreshed","No","Yes","No change","FOMO (Fear of Missing Out)","Take short breaks from screens","4","Never","Yes","I prefer to cope alone"
"2023/10/18 1:06:18 PM GMT+6","I Agree","24","Male","Employed (full-time)","More than 6 hours","Computer/Laptop","Occasionally","Always","Yes","Multiple times a day","Less than 1 hour","Yes","Educational content","Joy","3","Occasionally","Occasionally","Poor","Weight loss","Occasionally","Moderate","Still enjoy activities","Occasionally","No","Yes","Rarely","No","I have never practiced digital detox","I have never practiced digital detox","I have never practiced digital detox","Yes","Yes","Used technology more mindfully","Social pressure to stay connected","Take short breaks from screens","3","Occasionally","Yes","I attend social events or gatherings"
"2023/10/18 1:22:09 PM GMT+6","I Agree","25","Female","Employed (full-time)","5-6 hours","Smartphone","Often","Often","Yes","Multiple times a day","Less than 1 hour","Yes","Entertainment (videos, movies, music)","Excitement","3","Occasionally","Occasionally","Fair","No changes","Frequently","Moderate","Still enjoy activities","Frequently","Yes","Yes","Occasionally","Yes","Less than a day","Feeling overwhelmed or stressed","Relaxed and refreshed","Yes","Yes","Used technology less","Boredom","Take short breaks from screens","4","Frequently","Yes","I seek support from friends or family"
"2023/10/18 3:37:12 PM GMT+6","I Agree","23","Female","Student","More than 6 hours","Smartphone","Often","Always","Yes","Multiple times a day","1-2 hours","Yes","Entertainment (videos, movies, music)","Relaxation","3","Frequently","Occasionally","Fair","No changes","Rarely","Low","Have lost interest","Frequently","Yes","No","Occasionally","No","I have never practiced digital detox","I have never practiced digital detox","I have never practiced digital detox","No","Yes","I have never practiced digital detox","I have never practiced digital detox","Take short breaks from screens","4","Rarely","No","I prefer to cope alone"
"2023/10/18 3:41:37 PM GMT+6","I Agree","22","Female","Student","5-6 hours","Smartphone","Always","Always","Yes","Multiple times a day","1-2 hours","Yes","Entertainment (videos, movies, music)","Relaxation","3","Occasionally","Almost all the time","Fair","Weight gain","Rarely","Moderate","Still enjoy activities","Occasionally","No","Yes","Occasionally","Yes","More than a week","Improving productivity","No significant change","No","No","No change","Boredom","Talk to friends or family about technology-related stress","3","Rarely","No","I prefer to cope alone"
"2023/10/18 3:58:01 PM GMT+6","I Agree","23","Male","Student","More than 6 hours","Smartphone","Always","Always","Yes","Multiple times a day","Less than 1 hour","Yes","Entertainment (videos, movies, music)","Relaxation","4","Occasionally","Occasionally","Very Poor","Weight gain","Never","Very High","Still enjoy activities","Occasionally","No","Yes","Rarely","Yes","Less than a day","Curiosity or personal experiment","No significant change","No","No","No change","None, it was easy and enjoyable","Engage in outdoor activities","3","Rarely","Yes","I attend social events or gatherings"
"2023/10/18 6:26:08 PM GMT+6","I Agree","22","Male","Student","3-4 hours","Computer/Laptop","Always","Always","Yes","Multiple times a day","Less than 1 hour","Yes","Entertainment (videos, movies, music)","Stress","3","Occasionally","Frequently","Poor","Weight loss","Rarely","Low","Still enjoy activities","Frequently","Yes","Yes","Occasionally","Yes","More than a week","Feeling overwhelmed or stressed","Relaxed and refreshed","Yes","Yes","Used technology less","Social pressure to stay connected","Set specific time limits for technology use","4","Rarely","Yes","I participate in online communities or forums"
"2023/10/18 8:30:09 PM GMT+6","I Agree","27","Male","Student","More than 6 hours","Computer/Laptop","Always","Always","Yes","Multiple times a day","1-2 hours","Yes","Entertainment (videos, movies, music)","Relaxation","3","Occasionally","Occasionally","Fair","No changes","Never","Moderate","Have lost interest","Occasionally","Yes","No","Rarely","Yes","Less than a day","Improving productivity","Relaxed and refreshed","Yes","Yes","No change","FOMO (Fear of Missing Out)","Take short breaks from screens","3","Rarely","Yes","I prefer to cope alone"
"2023/10/18 8:52:37 PM GMT+6","I Agree","22","Female","Student","More than 6 hours","Smartphone","Always","Always","Yes","Multiple times a day","3-4 hours","Yes","Entertainment (videos, movies, music)","Relaxation","2","Frequently","Occasionally","Fair","Loss of appetite","Occasionally","Low","Have lost interest","Frequently","Yes","No","Rarely","Yes","Less than a day","Improving productivity","No significant change","Yes","Yes","Used technology less","Boredom","Set specific time limits for technology use","3","Rarely","No","I attend social events or gatherings"
"2023/10/18 8:59:21 PM GMT+6","I Agree","18","Female","Student","5-6 hours","Smartphone","Always","Always","Yes","Multiple times a day","Less than 1 hour","Yes","Social media updates","Anxiety","3","Frequently","Almost all the time","Good","Increased appetite","Occasionally","Low","Have lost interest","Frequently","Yes","Yes","Frequently","Yes","More than a week","Improving productivity","Relaxed and refreshed","Yes","Yes","Used technology more mindfully","Difficulty staying disconnected","Take short breaks from screens","4","Occasionally","Yes","I prefer to cope alone"
"2023/10/18 9:38:09 PM GMT+6","I Agree","22","Male","Student","3-4 hours","Smartphone","Occasionally","Often","Yes","Multiple times a day","Less than 1 hour","Yes","Social media updates","Stress","4","Occasionally","Occasionally","Good","No changes","Rarely","Moderate","Have lost interest","Occasionally","No","No","Rarely","No","I have never practiced digital detox","I have never practiced digital detox","I have never practiced digital detox","No","Yes","I have never practiced digital detox","I have never practiced digital detox","Engage in outdoor activities","3","Occasionally","Yes","I prefer to cope alone"
"2023/10/18 10:21:14 PM GMT+6","I Agree","23","Male","Student","More than 6 hours","Computer/Laptop","Occasionally","Rarely","Yes","Multiple times a day","1-2 hours","Yes","Entertainment (videos, movies, music)","Excitement","4","Occasionally","Occasionally","Poor","No changes","Rarely","Moderate","Still enjoy activities","Occasionally","No","No","Occasionally","Yes","4-7 days","Improving productivity","No significant change","Yes","No","No change","FOMO (Fear of Missing Out)","Set specific time limits for technology use","3","Rarely","No","I prefer to cope alone"
"2023/10/18 11:07:16 PM GMT+6","I Agree","19","Male","Student","3-4 hours","Computer/Laptop","Rarely","Often","Yes","Multiple times a day","1-2 hours","Yes","Work-related content","Anxiety","3","Frequently","Occasionally","Good","No changes","Rarely","Moderate","Have lost interest","Frequently","Yes","No","Frequently","Yes","1-3 days","Improving productivity","Anxious or stressed","Yes","Yes","Used technology more mindfully","Boredom","Engage in outdoor activities","3","Always","Yes","I participate in online communities or forums"
"2023/10/18 11:20:40 PM GMT+6","I Agree","23","Others","Unemployed","More than 6 hours","Computer/Laptop","Always","Always","No","Multiple times a day","More than 6 hours","Yes","Porn","Frustration","5","Not at all","Never","Very Poor","Weight loss","Almost all the time","Very low","Still enjoy activities","Almost all the time","No","Yes","Occasionally","No","I have never practiced digital detox","I have never practiced digital detox","I have never practiced digital detox","No","No","I have never practiced digital detox","I have never practiced digital detox","Music , Full Volume","5","Never","No","Be Angry in Twitter Now Known As X"
"2023/10/19 12:40:29 AM GMT+6","I Agree","21","Male","Student","More than 6 hours","PS4","Always","Always","Yes","Multiple times a day","Less than 1 hour","Yes","Entertainment (videos, movies, music)","Relaxation","3","Frequently","Rarely","Fair","Weight loss","Never","Moderate","Still enjoy activities","Frequently","Yes","No","Frequently","No","I have never practiced digital detox","I have never practiced digital detox","I have never practiced digital detox","No","Yes","I have never practiced digital detox","I have never practiced digital detox","Engage in outdoor activities","4","Always","Yes","I prefer to cope alone"
"2023/10/19 8:48:37 AM GMT+6","I Agree","23","Female","Student","5-6 hours","Smartphone","Often","Always","Yes","Multiple times a day","Less than 1 hour","Yes","Social media updates","Relaxation","3","Occasionally","Occasionally","Fair","No changes","Occasionally","Moderate","Still enjoy activities","Occasionally","No","No","Rarely","Yes","More than a week","Improving productivity","No significant change","Yes","No","Used technology more mindfully","Boredom","Take short breaks from screens","3","Rarely","Yes","I seek support from friends or family"
"2023/10/19 10:30:38 AM GMT+6","I Agree","21","Male","Student","3-4 hours","Smartphone","Always","Always","Yes","Multiple times a day","1-2 hours","Yes","News and information","Relaxation","3","Occasionally","Occasionally","Good","No changes","Rarely","Moderate","Still enjoy activities","Rarely","No","No","Rarely","No","Less than a day","Improving productivity","Relaxed and refreshed","No","Yes","Used technology less","Difficulty staying disconnected","Take short breaks from screens","3","Rarely","Yes","I prefer to cope alone"
"2023/10/19 2:56:29 PM GMT+6","I Agree","18","Female","Student","More than 6 hours","Smartphone","Always","Always","Yes","Multiple times a day","Less than 1 hour","Yes","Social media updates","Relaxation","3","Occasionally","Occasionally","Good","Weight gain","Rarely","High","Still enjoy activities","Frequently","No","Yes","Rarely","Yes","4-7 days","Improving productivity","No significant change","Yes","Yes","Used technology less","None, it was easy and enjoyable","I don’t have technology related stress","3","Rarely","No","I prefer to cope alone"
"2023/10/19 4:08:48 PM GMT+6","I Agree","20","Female","Student","More than 6 hours","Smartphone","Often","Often","Yes","Multiple times a day","1-2 hours","Yes","Social media updates","Relaxation","4","Occasionally","Rarely","Fair","Loss of appetite","Occasionally","Moderate","Still enjoy activities","Occasionally","No","Yes","Occasionally","Yes","4-7 days","Feeling overwhelmed or stressed","Relaxed and refreshed","Yes","No","Used technology less","FOMO (Fear of Missing Out)","Engage in outdoor activities","4","Rarely","Yes","I seek support from friends or family"
"2023/10/19 4:50:18 PM GMT+6","I Agree","23","Female","Employed (full-time)","More than 6 hours","Smartphone","Always","Always","Yes","Multiple times a day","1-2 hours","Yes","Work-related content","Relaxation","4","Occasionally","Rarely","Good","Weight loss","Occasionally","High","Still enjoy activities","Occasionally","No","No","Almost daily","Yes","More than a week","Improving productivity","Relaxed and refreshed","Yes","Yes","Used technology more mindfully","None, it was easy and enjoyable","Unplug from technology for a designated period","4","Always","Yes","I prefer to cope alone"
"2023/10/19 5:31:05 PM GMT+6","I Agree","26","Male","Student","5-6 hours","Computer/Laptop","Often","Rarely","Yes","Multiple times a day","Less than 1 hour","Yes","Entertainment (videos, movies, music)","Excitement","3","Frequently","Occasionally","Fair","No changes","Occasionally","Moderate","Have lost interest","Frequently","Yes","No","Rarely","No","I have never practiced digital detox","I have never practiced digital detox","I have never practiced digital detox","No","Yes","I have never practiced digital detox","I have never practiced digital detox","Take short breaks from screens","3","Never","No","I prefer to cope alone"
"2023/10/19 7:03:42 PM GMT+6","I Agree","18","Female","Student","More than 6 hours","Computer/Laptop","Always","Always","Yes","Multiple times a day","Less than 1 hour","Yes","Entertainment (videos, movies, music)","Relaxation","3","Occasionally","Occasionally","Fair","Loss of appetite","Occasionally","Low","Still enjoy activities","Occasionally","Yes","Yes","Almost daily","Yes","1-3 days","Feeling overwhelmed or stressed","No significant change","Yes","No","Used technology more mindfully","Boredom","Engage in outdoor activities","3","Rarely","Yes","I seek support from friends or family"
"2023/10/19 7:18:21 PM GMT+6","I Agree","23","Male","Unemployed","5-6 hours","Smartphone","Often","Always","Yes","Multiple times a day","Less than 1 hour","Yes","Entertainment (videos, movies, music)","Relaxation","3","Frequently","Occasionally","Fair","Weight gain","Rarely","High","Have lost interest","Frequently","Yes","Yes","Almost daily","Yes","4-7 days","Feeling overwhelmed or stressed","No significant change","No","Yes","Used technology more mindfully","None, it was easy and enjoyable","Talk to friends or family about technology-related stress","4","Occasionally","Yes","I prefer to cope alone"
"2023/10/19 7:18:45 PM GMT+6","I Agree","24","Female","Student","3-4 hours","Smartphone","Always","Always","Yes","Multiple times a day","Less than 1 hour","Yes","Social media updates","Relaxation","4","Occasionally","Frequently","Fair","Weight gain","Rarely","Moderate","Still enjoy activities","Occasionally","Yes","Yes","Almost daily","Yes","Less than a day","Focusing on in-person relationships","No significant change","No","Yes","Used technology less","Difficulty staying disconnected","Take short breaks from screens","3","Frequently","Yes","I seek support from friends or family"
"2023/10/19 7:23:30 PM GMT+6","I Agree","24","Male","Student","Less than 1 hour","Smartphone","Often","Often","Yes","Multiple times a day","Less than 1 hour","No","Educational content","Joy","4","Occasionally","Rarely","Good","No changes","Rarely","High","Have lost interest","Occasionally","No","No","Frequently","No","I have never practiced digital detox","I have never practiced digital detox","I have never practiced digital detox","No","No","I have never practiced digital detox","I have never practiced digital detox","Set specific time limits for technology use","4","Rarely","Yes","I prefer to cope alone"
"2023/10/19 7:45:49 PM GMT+6","I Agree","23","Male","Student","More than 6 hours","Smartphone","Often","Always","Yes","Multiple times a day","Less than 1 hour","Yes","Social media updates","Relaxation","1","Almost all the time","Occasionally","Fair","Loss of appetite","Rarely","High","Have lost interest","Frequently","Yes","No","Rarely","Yes","1-3 days","Noticing negative effects on mental health","Relaxed and refreshed","Yes","Yes","No change","None, it was easy and enjoyable","Take short breaks from screens","4","Never","Yes","I prefer to cope alone"
"2023/10/19 8:06:04 PM GMT+6","I Agree","22","Male","Student","More than 6 hours","Computer/Laptop","Often","Always","Yes","Multiple times a day","1-2 hours","Yes","News and information","Relaxation","3","Occasionally","Occasionally","Good","No changes","Occasionally","Moderate","Have lost interest","Occasionally","No","Yes","Frequently","Yes","1-3 days","Feeling overwhelmed or stressed","Relaxed and refreshed","Yes","Yes","No change","Boredom","Take short breaks from screens","3","Rarely","Yes","I seek support from friends or family"
"2023/10/19 8:18:25 PM GMT+6","I Agree","22","Female","Student","5-6 hours","Smartphone","Always","Often","Yes","Multiple times a day","Less than 1 hour","Yes","Social media updates","Excitement","1","Almost all the time","Frequently","Fair","Weight loss","Frequently","Moderate","Still enjoy activities","Frequently","Yes","No","Rarely","Yes","Less than a day","Noticing negative effects on mental health","Anxious or stressed","No","Yes","Used technology more mindfully","None, it was easy and enjoyable","Practice mindfulness or meditation","3","Rarely","Yes","I attend social events or gatherings"
"2023/10/19 8:29:26 PM GMT+6","I Agree","22","Male","Student","More than 6 hours","Computer/Laptop","Always","Always","Yes","Multiple times a day","1-2 hours","Yes","Entertainment (videos, movies, music)","Joy","3","Occasionally","Frequently","Poor","Weight gain","Occasionally","Low","Have lost interest","Occasionally","Yes","No","Rarely","No","I have never practiced digital detox","I have never practiced digital detox","I have never practiced digital detox","No","No","I have never practiced digital detox","I have never practiced digital detox","Take short breaks from screens","2","Rarely","No","I prefer to cope alone"
"2023/10/19 10:17:23 PM GMT+6","I Agree","23","Male","Student","More than 6 hours","Smartphone","Often","Always","Yes","Multiple times a day","Less than 1 hour","Yes","Entertainment (videos, movies, music)","Stress","3","Occasionally","Frequently","Fair","Weight gain","Rarely","Moderate","Have lost interest","Rarely","Yes","No","Occasionally","No","I have never practiced digital detox","I have never practiced digital detox","I have never practiced digital detox","No","Yes","Used technology less","I have never practiced digital detox","Take short breaks from screens","3","Occasionally","Yes","I prefer to cope alone"
"2023/10/19 10:24:18 PM GMT+6","I Agree","24","Male","Student","3-4 hours","Computer/Laptop","Occasionally","Often","Yes","Multiple times a day","1-2 hours","Yes","Entertainment (videos, movies, music)","Stress","3","Occasionally","Occasionally","Fair","No changes","Occasionally","Moderate","Have lost interest","Occasionally","Yes","Yes","Rarely","No","I have never practiced digital detox","I have never practiced digital detox","I have never practiced digital detox","No","No","I have never practiced digital detox","I have never practiced digital detox","Engage in outdoor activities","3","Occasionally","Yes","I prefer to cope alone"
"2023/10/19 10:59:26 PM GMT+6","I Agree","24","Male","Student","1-2 hours","Smartphone","Often","Often","Yes","Multiple times a day","1-2 hours","Yes","Social media updates","Relaxation","2","Not at all","Rarely","Fair","Weight loss","Rarely","Low","Still enjoy activities","Frequently","No","Yes","Rarely","No","I have never practiced digital detox","Improving productivity","No significant change","No","No","Used technology more mindfully","Difficulty staying disconnected","Take short breaks from screens","2","Rarely","No","I prefer to cope alone"
"2023/10/19 11:22:25 PM GMT+6","I Agree","24","Female","Student","1-2 hours","Computer/Laptop","Often","Often","Yes","Multiple times a day","Less than 1 hour","Yes","Social media updates","Frustration","3","Frequently","Almost all the time","Poor","Weight gain","Occasionally","Moderate","Have lost interest","Frequently","Yes","Yes","Rarely","No","I have never practiced digital detox","Improving productivity","Relaxed and refreshed","Yes","Yes","Used technology more mindfully","Difficulty staying disconnected","Unplug from technology for a designated period","3","Rarely","No","I prefer to cope alone"
"2023/10/19 11:34:17 PM GMT+6","I Agree","23","Female","Student","5-6 hours","Smartphone","Often","Always","Yes","Several times a week","Less than 1 hour","Yes","Entertainment (videos, movies, music)","Excitement","5","Occasionally","Occasionally","Good","Weight gain","Occasionally","Moderate","Still enjoy activities","Frequently","No","Yes","Occasionally","Yes","Less than a day","Feeling overwhelmed or stressed","Relaxed and refreshed","Yes","Yes","No change","Difficulty staying disconnected","Take short breaks from screens","3","Rarely","Yes","I seek support from friends or family"
"2023/10/19 11:38:04 PM GMT+6","I Agree","19","Male","Student","More than 6 hours","Computer/Laptop","Always","Always","Yes","Multiple times a day","3-4 hours","Yes","Entertainment (videos, movies, music)","Relaxation","3","Occasionally","Frequently","Poor","No changes","Rarely","Low","Still enjoy activities","Occasionally","Yes","No","Rarely","Yes","Less than a day","Improving productivity","No significant change","Yes","No","No change","Boredom","Take short breaks from screens","3","Rarely","No","I prefer to cope alone"
"2023/10/20 12:08:00 AM GMT+6","I Agree","24","Male","Student","5-6 hours","Smartphone","Often","Often","Yes","Multiple times a day","Less than 1 hour","Yes","Entertainment (videos, movies, music)","Joy","3","Occasionally","Occasionally","Fair","No changes","Frequently","Moderate","Have lost interest","Frequently","Yes","No","Occasionally","No","I have never practiced digital detox","Improving productivity","No significant change","No","No","No change","None, it was easy and enjoyable","Practice mindfulness or meditation","3","Occasionally","Yes","I participate in online communities or forums"
"2023/10/20 2:15:13 AM GMT+6","I Agree","24","Male","Student","5-6 hours","Computer/Laptop","Often","Always","Yes","Multiple times a day","Less than 1 hour","Yes","Educational content","Relaxation","3","Occasionally","Occasionally","Good","No changes","Rarely","Moderate","Still enjoy activities","Occasionally","Yes","Yes","Occasionally","Yes","4-7 days","Noticing negative effects on mental health","Anxious or stressed","Yes","Yes","Used technology more mindfully","FOMO (Fear of Missing Out)","Take short breaks from screens","4","Rarely","Yes","I seek support from friends or family"
"2023/10/20 10:22:41 AM GMT+6","I Agree","24","Male","Student","More than 6 hours","Smartphone","Often","Occasionally","Yes","Multiple times a day","Less than 1 hour","Yes","Entertainment (videos, movies, music)","Joy","4","Occasionally","Rarely","Good","No changes","Rarely","Moderate","Still enjoy activities","Occasionally","Yes","Yes","Occasionally","Yes","Less than a day","Curiosity or personal experiment","Anxious or stressed","Yes","Yes","Used technology less","Difficulty staying disconnected","Engage in outdoor activities","3","Occasionally","Yes","I seek support from friends or family"
"2023/10/20 12:46:19 PM GMT+6","I Agree","25","Male","Employed (part-time)","3-4 hours","Smartphone","Often","Often","Yes","Multiple times a day","1-2 hours","Yes","Work-related content","Relaxation","3","Frequently","Occasionally","Fair","Weight gain","Occasionally","High","Still enjoy activities","Frequently","Yes","No","Rarely","No","I have never practiced digital detox","I have never practiced digital detox","I have never practiced digital detox","No","No","I have never practiced digital detox","I have never practiced digital detox","Take short breaks from screens","3","Never","Yes","I seek support from friends or family"
"2023/10/20 3:03:28 PM GMT+6","I Agree","22","Male","Student","5-6 hours","Smartphone","Often","Always","Yes","Multiple times a day","Less than 1 hour","Yes","Educational content","Joy","4","Not at all","Rarely","Poor","No changes","Rarely","Low","Still enjoy activities","Occasionally","No","Yes","Rarely","Yes","Less than a day","Improving productivity","Relaxed and refreshed","No","Yes","Used technology less","Difficulty staying disconnected","Take short breaks from screens","4","Rarely","Yes","I attend social events or gatherings"
"2023/10/20 6:28:43 PM GMT+6","I Agree","22","Female","Student","5-6 hours","Computer/Laptop","Often","Rarely","Yes","Once a day","Less than 1 hour","Yes","Educational content","Relaxation","3","Occasionally","Frequently","Fair","Weight loss","Occasionally","Moderate","Still enjoy activities","Frequently","Yes","No","Almost daily","Yes","More than a week","Curiosity or personal experiment","Relaxed and refreshed","Yes","Yes","Used technology more mindfully","Social pressure to stay connected","Unplug from technology for a designated period","4","Frequently","Yes","I prefer to cope alone"
"2023/10/20 6:36:36 PM GMT+6","I Agree","22","Male","Student","3-4 hours","Smartphone","Always","Always","Yes","Multiple times a day","Less than 1 hour","Yes","Educational content","Relaxation","5","Occasionally","Rarely","Fair","Weight gain","Occasionally","Moderate","Still enjoy activities","Occasionally","Yes","Yes","Occasionally","No","I have never practiced digital detox","I have never practiced digital detox","I have never practiced digital detox","No","Yes","I have never practiced digital detox","I have never practiced digital detox","Take short breaks from screens","4","Occasionally","Yes","I prefer to cope alone"
"2023/10/20 8:13:15 PM GMT+6","I Agree","21","Female","Student","5-6 hours","Smartphone","Occasionally","Often","Yes","Multiple times a day","3-4 hours","Yes","Social media updates","Frustration","2","Frequently","Frequently","Fair","Weight gain","Frequently","Moderate","Have lost interest","Frequently","Yes","Yes","Occasionally","Yes","Less than a day","Noticing negative effects on mental health","Relaxed and refreshed","Yes","Yes","Used technology more mindfully","FOMO (Fear of Missing Out)","Talk to friends or family about technology-related stress","3","Occasionally","No","I seek support from friends or family"
"2023/10/21 10:12:23 AM GMT+6","I Agree","18","Female","Student","More than 6 hours","Smartphone","Always","Always","Yes","Multiple times a day","3-4 hours","Yes","Entertainment (videos, movies, music)","Relaxation","3","Occasionally","Almost all the time","Poor","Increased appetite","Occasionally","Low","Have lost interest","Frequently","Yes","No","Occasionally","Yes","Less than a day","Improving productivity","Relaxed and refreshed","No","Yes","No change","Boredom","Take short breaks from screens","2","Rarely","No","I prefer to cope alone"
"2023/10/21 12:08:28 PM GMT+6","I Agree","22","Male","Student","3-4 hours","Smartphone","Always","Always","Yes","Multiple times a day","Less than 1 hour","Yes","Entertainment (videos, movies, music)","Joy","4","Occasionally","Occasionally","Very Poor","Weight loss","Occasionally","Moderate","Still enjoy activities","Occasionally","Yes","Yes","Occasionally","Yes","1-3 days","Improving productivity","Relaxed and refreshed","Yes","No","No change","FOMO (Fear of Missing Out)","Take short breaks from screens","3","Occasionally","Yes","I seek support from friends or family"
"2023/10/21 2:00:53 PM GMT+6","I Agree","28","Male","Employed (part-time)","More than 6 hours","Computer/Laptop","Occasionally","Occasionally","Yes","Multiple times a day","3-4 hours","Yes","News and information","Stress","3","Occasionally","Rarely","Fair","No changes","Rarely","Moderate","Have lost interest","Occasionally","No","Yes","Occasionally","No","I have never practiced digital detox","I have never practiced digital detox","I have never practiced digital detox","No","Yes","I have never practiced digital detox","I have never practiced digital detox","Take short breaks from screens","3","Rarely","Yes","I prefer to cope alone"
"2023/10/21 6:25:16 PM GMT+6","I Agree","18","Female","Student","More than 6 hours","Computer/Laptop","Occasionally","Often","Yes","Multiple times a day","1-2 hours","No","Entertainment (videos, movies, music)","Sadness","2","Not at all","Frequently","Good","No changes","Frequently","Moderate","Have lost interest","Frequently","Yes","No","Rarely","Yes","1-3 days","Feeling overwhelmed or stressed","No significant change","Yes","Yes","No change","Boredom","Engage in outdoor activities","4","Occasionally","Yes","I prefer to cope alone"
"2023/10/21 10:07:39 PM GMT+6","I Agree","23","Female","Student","3-4 hours","Smartphone","Often","Always","Yes","Multiple times a day","3-4 hours","Yes","Entertainment (videos, movies, music)","Stress","4","Occasionally","Frequently","Fair","Increased appetite","Rarely","High","Still enjoy activities","Occasionally","Yes","Yes","Occasionally","Yes","1-3 days","Improving productivity","No significant change","No","Yes","No change","FOMO (Fear of Missing Out)","Take short breaks from screens","4","Occasionally","Yes","I prefer to cope alone"
"2023/10/21 10:08:54 PM GMT+6","I Agree","22","Male","Employed (part-time)","More than 6 hours","Smartphone","Always","Always","Yes","Multiple times a day","1-2 hours","Yes","News and information","Relaxation","2","Almost all the time","Almost all the time","Good","Weight gain","Almost all the time","Low","Have lost interest","Frequently","No","No","Rarely","No","I have never practiced digital detox","I have never practiced digital detox","I have never practiced digital detox","No","No","I have never practiced digital detox","Boredom","Take short breaks from screens","2","Never","No","I prefer to cope alone"
"2023/10/21 10:22:07 PM GMT+6","I Agree","18","Female","Student","3-4 hours","Smartphone","Occasionally","Occasionally","No","Multiple times a day","1-2 hours","Yes","Entertainment (videos, movies, music)","Relaxation","3","Frequently","Almost all the time","Very Poor","Loss of appetite","Frequently","Very low","Have lost interest","Occasionally","Yes","Yes","Rarely","Yes","4-7 days","Feeling overwhelmed or stressed","Relaxed and refreshed","Yes","Yes","No change","Boredom","Unplug from technology for a designated period","3","Rarely","Yes","I prefer to cope alone"
"2023/10/21 10:23:03 PM GMT+6","I Agree","18","Female","Student","5-6 hours","Smartphone","Occasionally","Always","No","Multiple times a day","3-4 hours","Yes","Entertainment (videos, movies, music)","Frustration","2","Almost all the time","Frequently","Fair","Increased appetite","Frequently","Low","Still enjoy activities","Frequently","Yes","Yes","Occasionally","Yes","More than a week","Noticing negative effects on mental health","Relaxed and refreshed","Yes","Yes","Used technology less","Boredom","Talk to friends or family about technology-related stress","3","Frequently","No","I prefer to cope alone"
"2023/10/21 10:26:47 PM GMT+6","I Agree","18","Male","Student","5-6 hours","Smartphone","Always","Always","No","Multiple times a day","Less than 1 hour","Yes","Entertainment (videos, movies, music)","Joy","4","Frequently","Almost all the time","Good","No changes","Occasionally","Moderate","Still enjoy activities","Occasionally","Yes","Yes","Occasionally","No","I have never practiced digital detox","I have never practiced digital detox","I have never practiced digital detox","No","No","I have never practiced digital detox","I have never practiced digital detox","Take short breaks from screens","3","Rarely","No","I seek support from friends or family"
"2023/10/21 10:35:58 PM GMT+6","I Agree","22","Male","Student","5-6 hours","Smartphone","Always","Always","Yes","Multiple times a day","Less than 1 hour","Yes","Entertainment (videos, movies, music)","Stress","3","Occasionally","Occasionally","Very Poor","Increased appetite","Frequently","Moderate","Have lost interest","Almost all the time","Yes","No","Rarely","Yes","1-3 days","Noticing negative effects on mental health","Relaxed and refreshed","Yes","Yes","Used technology more mindfully","None, it was easy and enjoyable","Set specific time limits for technology use","4","Rarely","Yes","I prefer to cope alone"
"2023/10/21 10:36:16 PM GMT+6","I Agree","22","Male","Student","More than 6 hours","Computer/Laptop","Always","Never","Yes","Multiple times a day","1-2 hours","Yes","Entertainment (videos, movies, music)","Frustration","3","Frequently","Almost all the time","Good","No changes","Rarely","Moderate","Still enjoy activities","Rarely","Yes","No","Rarely","No","I have never practiced digital detox","I have never practiced digital detox","I have never practiced digital detox","No","No","I have never practiced digital detox","I have never practiced digital detox","Engage in outdoor activities","5","Occasionally","Yes","I prefer to cope alone"
"2023/10/21 10:37:37 PM GMT+6","I Agree","25","Male","Student","More than 6 hours","Computer/Laptop","Often","Always","Yes","Multiple times a day","Less than 1 hour","Yes","Social media updates","Relaxation","4","Occasionally","Rarely","Excellent","No changes","Never","Moderate","Still enjoy activities","Rarely","No","No","Rarely","No","I have never practiced digital detox","I have never practiced digital detox","I have never practiced digital detox","No","No","I have never practiced digital detox","I have never practiced digital detox","Set specific time limits for technology use","4","Occasionally","Yes","I attend social events or gatherings"
"2023/10/21 10:40:22 PM GMT+6","I Agree","23","Female","Student","5-6 hours","Smartphone","Always","Always","Yes","Multiple times a day","Less than 1 hour","Yes","Social media updates","Relaxation","3","Occasionally","Occasionally","Fair","Increased appetite","Rarely","Moderate","Have lost interest","Frequently","Yes","No","Rarely","No","I have never practiced digital detox","I have never practiced digital detox","I have never practiced digital detox","No","Yes","I have never practiced digital detox","I have never practiced digital detox","Unplug from technology for a designated period","4","Rarely","Yes","I prefer to cope alone"
"2023/10/21 10:40:34 PM GMT+6","I Agree","24","Female","Student","5-6 hours","Smartphone","Occasionally","Occasionally","Yes","Multiple times a day","Less than 1 hour","Yes","Entertainment (videos, movies, music)","Joy","4","Frequently","Occasionally","Good","Weight loss","Frequently","Moderate","Still enjoy activities","Occasionally","No","Yes","Frequently","Yes","More than a week","Improving productivity","Relaxed and refreshed","Yes","Yes","Used technology more mindfully","None, it was easy and enjoyable","Unplug from technology for a designated period","4","Frequently","Yes","I prefer to cope alone"
"2023/10/21 10:44:31 PM GMT+6","I Agree","22","Female","Student","5-6 hours","Smartphone","Occasionally","Always","Yes","Rarely or never","Less than 1 hour","Yes","Reading novels","Excitement","3","Occasionally","Occasionally","Good","No changes","Rarely","Moderate","Still enjoy activities","Occasionally","No","No","Occasionally","No","I have never practiced digital detox","I have never practiced digital detox","I have never practiced digital detox","No","No","I have never practiced digital detox","I have never practiced digital detox","Engage in outdoor activities","3","Rarely","No","I prefer to cope alone"
"2023/10/21 10:45:06 PM GMT+6","I Agree","23","Male","Student","1-2 hours","Smartphone","Often","Often","Yes","Rarely or never","1-2 hours","Yes","News and information","Excitement","3","Occasionally","Occasionally","Fair","Weight loss","Occasionally","Moderate","Still enjoy activities","Rarely","No","No","Occasionally","Yes","1-3 days","Noticing negative effects on mental health","Anxious or stressed","No","Yes","Used technology more mindfully","Boredom","Engage in outdoor activities","2","Occasionally","Yes","I participate in online communities or forums"
"2023/10/21 10:54:49 PM GMT+6","I Agree","23","Female","Student","5-6 hours","Smartphone","Always","Always","Yes","Multiple times a day","Less than 1 hour","Yes","News and information","Stress","1","Frequently","Occasionally","Fair","Loss of appetite","Rarely","Low","Have lost interest","Frequently","Yes","Yes","Rarely","No","Less than a day","Feeling overwhelmed or stressed","No significant change","No","No","No change","Difficulty staying disconnected","Talk to friends or family about technology-related stress","2","Occasionally","Yes","I prefer to cope alone"
"2023/10/21 10:55:39 PM GMT+6","I Agree","23","Female","Student","3-4 hours","Smartphone","Often","Always","Yes","Multiple times a day","Less than 1 hour","Yes","Educational content","Joy","2","Frequently","Frequently","Poor","Weight loss","Rarely","Moderate","Have lost interest","Occasionally","Yes","Yes","Rarely","Yes","1-3 days","Focusing on in-person relationships","No significant change","No","No","No change","Difficulty staying disconnected","Take short breaks from screens","3","Rarely","Yes","I prefer to cope alone"
"2023/10/21 10:57:24 PM GMT+6","I Agree","21","Male","Student","More than 6 hours","Smartphone","Always","Often","Yes","Multiple times a day","1-2 hours","Yes","Entertainment (videos, movies, music)","Stress","3","Occasionally","Occasionally","Very Poor","Weight loss","Occasionally","Moderate","Still enjoy activities","Frequently","Yes","No","Almost daily","Yes","4-7 days","Curiosity or personal experiment","Need to try again, form a solid opinion. ","Yes","Yes","Used technology less","FOMO (Fear of Missing Out)","Engage in outdoor activities","4","Always","Yes","I prefer to cope alone"
"2023/10/21 11:06:36 PM GMT+6","I Agree","23","Female","Student","More than 6 hours","Smartphone","Often","Often","Yes","Multiple times a day","Less than 1 hour","Yes","Social media updates","Relaxation","3","Frequently","Frequently","Fair","No changes","Frequently","Moderate","Still enjoy activities","Frequently","Yes","Yes","Frequently","Yes","Less than a day","Noticing negative effects on mental health","No significant change","No","No","No change","FOMO (Fear of Missing Out)","Talk to friends or family about technology-related stress","3","Rarely","No","I seek support from friends or family"
"2023/10/22 12:08:14 AM GMT+6","I Agree","24","Male","Student","More than 6 hours","Computer/Laptop","Always","Always","Yes","Multiple times a day","1-2 hours","Yes","Entertainment (videos, movies, music)","Relaxation","3","Occasionally","Occasionally","Fair","No changes","Rarely","Moderate","Still enjoy activities","Occasionally","No","Yes","Occasionally","Yes","Less than a day","Focusing on in-person relationships","Relaxed and refreshed","Yes","Yes","Used technology less","Boredom","Take short breaks from screens","3","Rarely","Yes","I prefer to cope alone"
"2023/10/22 12:10:03 AM GMT+6","I Agree","22","Male","Student","3-4 hours","Computer/Laptop","Occasionally","Always","Yes","Multiple times a day","Less than 1 hour","No","Educational content","Excitement","3","Frequently","Rarely","Excellent","No changes","Rarely","Moderate","Still enjoy activities","Rarely","Yes","No","Rarely","Yes","More than a week","I have never practiced digital detox","No significant change","Yes","No","I have never practiced digital detox","FOMO (Fear of Missing Out)","Take short breaks from screens","3","Occasionally","Yes","I prefer to cope alone"
"2023/10/22 12:46:58 AM GMT+6","I Agree","21","Male","Student","5-6 hours","Computer/Laptop","Always","Always","Yes","Multiple times a day","Less than 1 hour","No","Educational content","Joy","3","Occasionally","Occasionally","Good","Weight gain","Rarely","High","Still enjoy activities","Rarely","Yes","Yes","Rarely","Yes","1-3 days","Noticing negative effects on mental health","Anxious or stressed","Yes","No","Used technology less","FOMO (Fear of Missing Out)","Practice mindfulness or meditation","3","Rarely","No","I prefer to cope alone"
"2023/10/22 12:51:21 AM GMT+6","I Agree","23","Male","Student","More than 6 hours","Computer/Laptop","Always","Always","Yes","Multiple times a day","1-2 hours","Yes","News and information","Relaxation","4","Occasionally","Occasionally","Good","No changes","Rarely","High","Still enjoy activities","Occasionally","No","Yes","Frequently","Yes","Less than a day","Improving productivity","No significant change","Yes","No","No change","Difficulty staying disconnected","Engage in outdoor activities","5","Occasionally","Yes","I prefer to cope alone"
"2023/10/22 1:58:29 AM GMT+6","I Agree","22","Male","Student","3-4 hours","Smartphone","Always","Always","Yes","Multiple times a day","Less than 1 hour","No","Entertainment (videos, movies, music)","Excitement","3","Occasionally","Never","Good","No changes","Never","Very High","Still enjoy activities","Frequently","Yes","No","Rarely","No","I have never practiced digital detox","I have never practiced digital detox","I have never practiced digital detox","No","No","I have never practiced digital detox","I have never practiced digital detox","Engage in outdoor activities","1","Occasionally","Yes","I attend social events or gatherings"
"2023/10/22 9:10:47 AM GMT+6","I Agree","24","Male","Student","3-4 hours","Smartphone","Always","Rarely","Yes","Multiple times a day","1-2 hours","Yes","Entertainment (videos, movies, music)","Relaxation","3","Occasionally","Occasionally","Excellent","No changes","Rarely","Low","Have lost interest","Occasionally","Yes","No","Frequently","No","I have never practiced digital detox","I have never practiced digital detox","I have never practiced digital detox","No","No","I have never practiced digital detox","I have never practiced digital detox","Take short breaks from screens","3","Occasionally","Yes","I attend social events or gatherings"
"2023/10/22 9:32:18 AM GMT+6","I Agree","23","Male","Student","More than 6 hours","Computer/Laptop","Always","Always","Yes","Multiple times a day","Less than 1 hour","Yes","Entertainment (videos, movies, music)","Relaxation","2","Frequently","Almost all the time","Poor","Loss of appetite","Occasionally","Very low","Still enjoy activities","Frequently","Yes","Yes","Occasionally","Yes","Less than a day","Feeling overwhelmed or stressed","Anxious or stressed","No","No","Used technology less","Boredom","Engage in outdoor activities","2","Occasionally","Yes","part-time jobs, hangouts"
"2023/10/22 9:52:06 AM GMT+6","I Agree","23","Male","Student","More than 6 hours","Computer/Laptop","Always","Always","Yes","Multiple times a day","Less than 1 hour","Yes","Educational content","Excitement","3","Occasionally","Occasionally","Fair","Weight loss","Rarely","Moderate","Still enjoy activities","Occasionally","No","No","Rarely","No","I have never practiced digital detox","I have never practiced digital detox","I have never practiced digital detox","No","Yes","I have never practiced digital detox","I have never practiced digital detox","Take short breaks from screens","2","Rarely","Yes","I prefer to cope alone"
"2023/10/22 12:04:46 PM GMT+6","I Agree","19","Female","Student","5-6 hours","Computer/Laptop","Always","Always","Yes","Once a day","Less than 1 hour","Yes","Entertainment (videos, movies, music)","Relaxation","3","Occasionally","Rarely","Excellent","No changes","Rarely","Low","Have lost interest","Occasionally","No","Yes","Occasionally","Yes","1-3 days","Improving productivity","No significant change","Yes","Yes","Used technology more mindfully","Social pressure to stay connected","Engage in outdoor activities","5","Frequently","Yes","I attend social events or gatherings"
"2023/10/22 2:24:58 PM GMT+6","I Agree","23","Male","Student","More than 6 hours","Computer/Laptop","Always","Always","Yes","Multiple times a day","Less than 1 hour","Yes","Entertainment (videos, movies, music)","Joy","3","Frequently","Frequently","Poor","Increased appetite","Frequently","Very low","Still enjoy activities","Frequently","Yes","No","Occasionally","No","Less than a day","Improving productivity","No significant change","Yes","Yes","No change","Boredom","Pray to Almighty Allah.","2","Rarely","Yes","Pray to Almighty Allah."
"2023/10/22 2:33:00 PM GMT+6","I Agree","22","Female","Student","More than 6 hours","Smartphone","Always","Often","Yes","Multiple times a day","More than 6 hours","Yes","Educational content","Frustration","2","Frequently","Almost all the time","Fair","Loss of appetite","Occasionally","Low","Still enjoy activities","Frequently","Yes","No","Occasionally","Yes","Less than a day","Feeling overwhelmed or stressed","Relaxed and refreshed","Yes","No","No change","None, it was easy and enjoyable","Take short breaks from screens","3","Occasionally","Yes","I prefer to cope alone"
"2023/10/22 6:15:35 PM GMT+6","I Agree","22","Female","Student","3-4 hours","Smartphone","Often","Occasionally","Yes","Multiple times a day","Less than 1 hour","Yes","Work-related content","Relaxation","2","Frequently","Frequently","Good","Loss of appetite","Frequently","Moderate","Have lost interest","Frequently","Yes","Yes","Rarely","Yes","1-3 days","Noticing negative effects on mental health","Relaxed and refreshed","Yes","Yes","Used technology less","None, it was easy and enjoyable","Take short breaks from screens","3","Occasionally","Yes","I seek support from friends or family"
"2023/10/22 6:28:23 PM GMT+6","I Agree","21","Female","Employed (full-time)","5-6 hours","Smartphone","Always","Often","Yes","Multiple times a day","Less than 1 hour","Yes","Social media updates","Joy","3","Occasionally","Rarely","Good","Loss of appetite","Rarely","Low","Still enjoy activities","Rarely","Yes","Yes","Occasionally","Yes","1-3 days","Feeling overwhelmed or stressed","Relaxed and refreshed","Yes","Yes","No change","Difficulty staying disconnected","Take short breaks from screens","1","Never","Yes","I prefer to cope alone"
"2023/10/22 6:34:17 PM GMT+6","I Agree","23","Male","Student","More than 6 hours","Computer/Laptop","Always","Always","Yes","Multiple times a day","1-2 hours","No","Social media updates","Relaxation","3","Occasionally","Rarely","Good","Loss of appetite","Rarely","Moderate","Still enjoy activities","Occasionally","Yes","Yes","Occasionally","Yes","1-3 days","Focusing on in-person relationships","Relaxed and refreshed","Yes","Yes","No change","FOMO (Fear of Missing Out)","Take short breaks from screens","5","Rarely","Yes","I seek support from friends or family"
"2023/10/22 6:48:24 PM GMT+6","I Agree","23","Male","Student","More than 6 hours","Smartphone","Always","Always","Yes","Multiple times a day","Less than 1 hour","Yes","Entertainment (videos, movies, music)","Frustration","2","Frequently","Occasionally","Poor","Weight gain","Frequently","Moderate","Have lost interest","Frequently","Yes","No","Rarely","Yes","Less than a day","Feeling overwhelmed or stressed","No significant change","No","Yes","Used technology more mindfully","Boredom","Engage in outdoor activities","2","Frequently","Yes","I prefer to cope alone"
"2023/10/22 7:03:24 PM GMT+6","I Agree","22","Male","Student","3-4 hours","Smartphone","Occasionally","Occasionally","Yes","Multiple times a day","Less than 1 hour","Yes","Entertainment (videos, movies, music)","Relaxation","4","Occasionally","Rarely","Good","Weight gain","Occasionally","High","Still enjoy activities","Occasionally","No","Yes","Rarely","Yes","Less than a day","Focusing on in-person relationships","Relaxed and refreshed","Yes","Yes","Used technology less","Difficulty staying disconnected","Engage in outdoor activities","5","Occasionally","Yes","I seek support from friends or family"
"2023/10/22 7:21:01 PM GMT+6","I Agree","21","Female","Student","More than 6 hours","Smartphone","Often","Always","Yes","Multiple times a day","3-4 hours","Yes","Entertainment (videos, movies, music)","Joy","4","Occasionally","Frequently","Good","Weight gain","Never","Moderate","Still enjoy activities","Frequently","No","Yes","Rarely","Yes","More than a week","Improving productivity","Relaxed and refreshed","Yes","Yes","No change","FOMO (Fear of Missing Out)","Take short breaks from screens","4","Rarely","Yes","I prefer to cope alone"
"2023/10/22 7:24:33 PM GMT+6","I Agree","22","Male","Student","More than 6 hours","Computer/Laptop","Rarely","Often","Yes","Once a day","Less than 1 hour","No","Work-related content","Joy","4","Occasionally","Rarely","Good","Weight loss","Never","Moderate","Still enjoy activities","Occasionally","Yes","Yes","Almost daily","Yes","Less than a day","Improving productivity","Relaxed and refreshed","Yes","Yes","Used technology less","Difficulty staying disconnected","Take short breaks from screens","3","Always","Yes","I seek support from friends or family"
"2023/10/22 7:32:29 PM GMT+6","I Agree","21","Male","Student","3-4 hours","Smartphone","Always","Often","Yes","Multiple times a day","1-2 hours","Yes","Entertainment (videos, movies, music)","Joy","3","Occasionally","Occasionally","Fair","Loss of appetite","Rarely","Moderate","Still enjoy activities","Rarely","No","No","Rarely","No","I have never practiced digital detox","I have never practiced digital detox","I have never practiced digital detox","No","No","I have never practiced digital detox","I have never practiced digital detox","Take short breaks from screens","3","Occasionally","Yes","I prefer to cope alone"
"2023/10/22 7:37:31 PM GMT+6","I Agree","20","Male","Student","5-6 hours","Smartphone","Always","Always","Yes","Multiple times a day","Less than 1 hour","Yes","Entertainment (videos, movies, music)","Relaxation","3","Not at all","Occasionally","Good","No changes","Rarely","Moderate","Have lost interest","Occasionally","Yes","Yes","Frequently","No","I have never practiced digital detox","I have never practiced digital detox","I have never practiced digital detox","No","No","I have never practiced digital detox","I have never practiced digital detox","Take short breaks from screens","4","Frequently","Yes","I prefer to cope alone"
"2023/10/22 8:05:30 PM GMT+6","I Agree","22","Female","Student","More than 6 hours","Computer/Laptop","Occasionally","Always","Yes","Multiple times a day","Less than 1 hour","Yes","Educational content","Relaxation","3","Occasionally","Occasionally","Fair","No changes","Rarely","Moderate","Have lost interest","Frequently","Yes","Yes","Almost daily","No","I have never practiced digital detox","I have never practiced digital detox","I have never practiced digital detox","No","Yes","I have never practiced digital detox","I have never practiced digital detox","Unplug from technology for a designated period","4","Always","No","I seek support from friends or family"
"2023/10/22 8:07:31 PM GMT+6","I Agree","23","Male","Student","3-4 hours","Computer/Laptop","Often","Often","Yes","Multiple times a day","Less than 1 hour","Yes","News and information","Excitement","3","Occasionally","Occasionally","Fair","No changes","Occasionally","Moderate","Still enjoy activities","Occasionally","No","Yes","Occasionally","No","I have never practiced digital detox","I have never practiced digital detox","I have never practiced digital detox","No","No","I have never practiced digital detox","I have never practiced digital detox","Engage in outdoor activities","3","Occasionally","Yes","I attend social events or gatherings"
"2023/10/22 8:08:29 PM GMT+6","I Agree","21","Male","Student","More than 6 hours","Computer/Laptop","Occasionally","Always","Yes","Multiple times a day","More than 6 hours","Yes","Entertainment (videos, movies, music)","Relaxation","3","Occasionally","Frequently","Good","No changes","Rarely","Moderate","Still enjoy activities","Occasionally","Yes","Yes","Occasionally","Yes","1-3 days","Improving productivity","Relaxed and refreshed","Yes","Yes","Used technology more mindfully","Boredom","Take short breaks from screens","4","Occasionally","Yes","I prefer to cope alone"
"2023/10/22 8:19:40 PM GMT+6","I Agree","22","Female","Student","More than 6 hours","Smartphone","Often","Often","Yes","Multiple times a day","Less than 1 hour","Yes","Entertainment (videos, movies, music)","Excitement","4","Occasionally","Occasionally","Good","No changes","Rarely","Moderate","Still enjoy activities","Occasionally","No","No","Occasionally","Yes","More than a week","Improving productivity","Relaxed and refreshed","Yes","Yes","Used technology more mindfully","Difficulty staying disconnected","Engage in outdoor activities","4","Occasionally","Yes","I prefer to cope alone"
"2023/10/22 8:25:04 PM GMT+6","I Agree","23","Male","Student","5-6 hours","Computer/Laptop","Often","Always","Yes","Multiple times a day","Less than 1 hour","Yes","Educational content","Relaxation","4","Frequently","Rarely","Poor","Weight gain","Rarely","Moderate","Still enjoy activities","Occasionally","Yes","Yes","Occasionally","No","I have never practiced digital detox","I have never practiced digital detox","I have never practiced digital detox","No","No","I have never practiced digital detox","I have never practiced digital detox","Set specific time limits for technology use","3","Rarely","Yes","I seek support from friends or family"
"2023/10/22 9:18:02 PM GMT+6","I Agree","22","Female","Student","3-4 hours","Smartphone","Always","Always","Yes","Multiple times a day","Less than 1 hour","Yes","Entertainment (videos, movies, music)","Relaxation","5","Occasionally","Occasionally","Fair","Weight gain","Rarely","Moderate","Still enjoy activities","Occasionally","Yes","Yes","Occasionally","No","I have never practiced digital detox","I have never practiced digital detox","I have never practiced digital detox","No","Yes","I have never practiced digital detox","FOMO (Fear of Missing Out)","Talk to friends or family about technology-related stress","4","Occasionally","Yes","I prefer to cope alone"
"2023/10/22 9:48:22 PM GMT+6","I Agree","23","Male","Student","More than 6 hours","Smartphone","Often","Always","Yes","Multiple times a day","Less than 1 hour","Yes","Social media updates","Joy","3","Frequently","Frequently","Very Poor","Weight gain","Occasionally","Moderate","Still enjoy activities","Frequently","Yes","No","Rarely","Yes","More than a week","Improving productivity","No significant change","Yes","No","Used technology less","Difficulty staying disconnected","Take short breaks from screens","3","Frequently","Yes","I prefer to cope alone"
"2023/10/22 10:11:48 PM GMT+6","I Agree","22","Male","Student","More than 6 hours","Smartphone","Always","Always","Yes","Multiple times a day","Less than 1 hour","Yes","Social media updates","Joy","1","Not at all","Never","Excellent","No changes","Never","Very low","Still enjoy activities","Rarely","Yes","Yes","Rarely","Yes","Less than a day","Feeling overwhelmed or stressed","Relaxed and refreshed","Yes","Yes","Used technology less","FOMO (Fear of Missing Out)","Take short breaks from screens","1","Never","Yes","I prefer to cope alone"
"2023/10/22 10:12:19 PM GMT+6","I Agree","23","Female","Student","3-4 hours","Smartphone","Always","Always","Yes","Multiple times a day","1-2 hours","Yes","Entertainment (videos, movies, music)","Joy","1","Frequently","Occasionally","Poor","Loss of appetite","Frequently","Low","Still enjoy activities","Almost all the time","Yes","Yes","Rarely","Yes","Less than a day","Curiosity or personal experiment","Anxious or stressed","Yes","Yes","No change","Boredom","Take short breaks from screens","3","Never","No","I prefer to cope alone"
"2023/10/22 10:31:50 PM GMT+6","I Agree","23","Female","Student","3-4 hours","Smartphone","Always","Often","Yes","Multiple times a day","Less than 1 hour","Yes","Social media updates","Relaxation","1","Almost all the time","Almost all the time","Very Poor","Loss of appetite","Almost all the time","Very low","Have lost interest","Almost all the time","Yes","No","Rarely","No","I have never practiced digital detox","I have never practiced digital detox","I have never practiced digital detox","No","Yes","I have never practiced digital detox","I have never practiced digital detox","Take short breaks from screens","1","Never","No","I seek support from friends or family"
"2023/10/22 10:59:11 PM GMT+6","I Agree","21","Male","Student","More than 6 hours","Smartphone","Always","Always","Yes","Multiple times a day","Less than 1 hour","No","News and information","Stress","1","Almost all the time","Almost all the time","Poor","Weight gain","Frequently","Low","Have lost interest","Almost all the time","Yes","Yes","Rarely","No","I have never practiced digital detox","I have never practiced digital detox","I have never practiced digital detox","No","Yes","Used technology less","I have never practiced digital detox","Take short breaks from screens","3","Rarely","Yes","I seek support from friends or family"
"2023/10/22 11:15:23 PM GMT+6","I Agree","23","Female","Student","More than 6 hours","Smartphone","Occasionally","Occasionally","Yes","Multiple times a day","Less than 1 hour","Yes","Entertainment (videos, movies, music)","Relaxation","5","Not at all","Rarely","Excellent","No changes","Rarely","Very High","Still enjoy activities","Rarely","No","Yes","Almost daily","Yes","1-3 days","Improving productivity","Relaxed and refreshed","Yes","Yes","Used technology more mindfully","None, it was easy and enjoyable","Practice mindfulness or meditation","5","Always","Yes","I prefer to cope alone"
"2023/10/23 4:14:56 AM GMT+6","I Agree","49","Male","Employed (full-time)","More than 6 hours","Smartphone","Always","Always","Yes","Multiple times a day","1-2 hours","Yes","Social media updates","Relaxation","5","Not at all","Never","Poor","No changes","Never","Low","Still enjoy activities","Occasionally","No","Yes","Frequently","No","I have never practiced digital detox","I have never practiced digital detox","I have never practiced digital detox","No","Yes","I have never practiced digital detox","I have never practiced digital detox","Take short breaks from screens","3","Occasionally","Yes","I seek support from friends or family"
"2023/10/23 1:18:51 PM GMT+6","I Agree","22","Male","Student","Less than 1 hour","Computer/Laptop","Rarely","Always","No","Several times a week","Less than 1 hour","No","News and information","Joy","2","Occasionally","Rarely","Good","No changes","Never","Very High","Have lost interest","Frequently","No","Yes","Frequently","No","1-3 days","Noticing negative effects on mental health","Relaxed and refreshed","Yes","No","No change","Social pressure to stay connected","Take short breaks from screens","2","Rarely","Yes","I seek support from friends or family"
"2023/10/23 2:01:32 PM GMT+6","I Agree","42","Male","Student","More than 6 hours","Computer/Laptop","Occasionally","Rarely","Yes","Multiple times a day","3-4 hours","Yes","Entertainment (videos, movies, music)","Joy","3","Occasionally","Occasionally","Good","Weight gain","Rarely","Moderate","Still enjoy activities","Occasionally","Yes","No","Occasionally","No","Less than a day","Focusing on in-person relationships","Relaxed and refreshed","Yes","Yes","Used technology less","FOMO (Fear of Missing Out)","Practice mindfulness or meditation","4","Always","Yes","I prefer to cope alone"
"2023/10/23 3:40:36 PM GMT+6","I Agree","26","Male","Employed (full-time)","More than 6 hours","Computer/Laptop","Occasionally","Often","Yes","Multiple times a day","Less than 1 hour","Yes","Educational content","Joy","4","Occasionally","Frequently","Fair","Weight gain","Occasionally","Low","Have lost interest","Frequently","No","Yes","Rarely","No","Less than a day","I have never practiced digital detox","I have never practiced digital detox","No","No","I have never practiced digital detox","I have never practiced digital detox","Engage in outdoor activities","5","Rarely","Yes","I attend social events or gatherings"
"2023/10/23 6:15:08 PM GMT+6","I Agree","30","Female","Unemployed","More than 6 hours","Smartphone","Always","Often","Yes","Multiple times a day","1-2 hours","Yes","Social media updates","Relaxation","3","Frequently","Occasionally","Fair","Weight loss","Frequently","Moderate","Still enjoy activities","Frequently","Yes","Yes","Rarely","No","Less than a day","I have never practiced digital detox","I have never practiced digital detox","No","Yes","I have never practiced digital detox","I have never practiced digital detox","Take short breaks from screens","3","Occasionally","Yes","I seek support from friends or family"
"2023/10/23 6:27:58 PM GMT+6","I Agree","26","Female","Employed (part-time)","3-4 hours","Computer/Laptop","Often","Always","Yes","Several times a week","Less than 1 hour","Yes","Entertainment (videos, movies, music)","Excitement","2","Occasionally","Occasionally","Fair","Weight gain","Rarely","Moderate","Still enjoy activities","Frequently","No","Yes","Occasionally","No","1-3 days","Curiosity or personal experiment","No significant change","No","No","No change","Social pressure to stay connected","Engage in outdoor activities","3","Occasionally","Yes","I participate in online communities or forums"
"2023/10/23 6:46:14 PM GMT+6","I Agree","27","Male","Student","More than 6 hours","Smartphone","Often","Always","Yes","Multiple times a day","1-2 hours","Yes","Entertainment (videos, movies, music)","Joy","3","Almost all the time","Rarely","Fair","Loss of appetite","Rarely","Moderate","Have lost interest","Frequently","Yes","Yes","Occasionally","Yes","More than a week","Improving productivity","Relaxed and refreshed","No","Yes","Used technology less","Boredom","Engage in outdoor activities","3","Frequently","Yes","I prefer to cope alone"
"2023/10/23 8:07:17 PM GMT+6","I Agree","25","Male","Unemployed","5-6 hours","Smartphone","Always","Always","Yes","Multiple times a day","1-2 hours","Yes","Entertainment (videos, movies, music)","Relaxation","5","Not at all","Rarely","Fair","No changes","Rarely","Moderate","Still enjoy activities","Rarely","No","Yes","Rarely","Yes","Less than a day","Improving productivity","No significant change","No","No","No change","Boredom","Take short breaks from screens","3","Occasionally","No","I prefer to cope alone"
"2023/10/23 8:19:59 PM GMT+6","I Agree","26","Female","Employed (full-time)","5-6 hours","Computer/Laptop","Always","Always","Yes","Multiple times a day","Less than 1 hour","Yes","Entertainment (videos, movies, music)","Relaxation","3","Not at all","Rarely","Fair","Weight gain","Rarely","Moderate","Still enjoy activities","Occasionally","Yes","Yes","Occasionally","Yes","1-3 days","Feeling overwhelmed or stressed","No significant change","No","Yes","Used technology more mindfully","Boredom","Take short breaks from screens","3","Rarely","Yes","I attend social events or gatherings"
"2023/10/23 8:57:59 PM GMT+6","I Agree","25","Female","Employed (full-time)","More than 6 hours","Computer/Laptop","Always","Always","Yes","Multiple times a day","Less than 1 hour","Yes","Social media updates","Excitement","3","Frequently","Occasionally","Poor","No changes","Rarely","High","Have lost interest","Occasionally","No","Yes","Rarely","No","I have never practiced digital detox","I have never practiced digital detox","I have never practiced digital detox","No","No","I have never practiced digital detox","I have never practiced digital detox","Take short breaks from screens","4","Never","No","I seek support from friends or family"
"2023/10/23 11:33:04 PM GMT+6","I Agree","21","Male","Student","1-2 hours","Smartphone","Often","Often","Yes","Multiple times a day","Less than 1 hour","Yes","Entertainment (videos, movies, music)","Relaxation","4","Almost all the time","Rarely","Good","No changes","Occasionally","Moderate","Have lost interest","Rarely","Yes","No","Rarely","Yes","More than a week","Improving productivity","Relaxed and refreshed","No","No","No change","Difficulty staying disconnected","Talk to friends or family about technology-related stress","4","Rarely","No","I prefer to cope alone"
"2023/10/23 11:45:26 PM GMT+6","I Agree","25","Male","Employed (full-time)","More than 6 hours","Computer/Laptop","Always","Always","Yes","Multiple times a day","Less than 1 hour","Yes","News and information","Excitement","4","Occasionally","Rarely","Fair","Loss of appetite","Never","Moderate","Still enjoy activities","Frequently","Yes","No","Frequently","Yes","4-7 days","Improving productivity","Relaxed and refreshed","No","Yes","Used technology more mindfully","FOMO (Fear of Missing Out)","Take short breaks from screens","3","Frequently","Yes","I prefer to cope alone"
"2023/10/24 12:18:51 AM GMT+6","I Agree","29","Male","Unemployed","More than 6 hours","Smartphone and Computer/Laptop","Always","Always","Yes","Multiple times a day","More than 6 hours","Yes","Social media updates","Joy","1","Almost all the time","Never","Good","Weight loss","Rarely","Moderate","Still enjoy activities","Rarely","Yes","Yes","Rarely","Yes","Less than a day","Focusing on in-person relationships","No significant change","Yes","Yes","Used technology more mindfully","Boredom","Practice mindfulness or meditation","1","Rarely","Yes","I seek support from friends or family"
"2023/10/24 12:55:29 AM GMT+6","I Agree","25","Male","Employed (part-time)","More than 6 hours","Computer/Laptop","Always","Always","Yes","Multiple times a day","Less than 1 hour","Yes","Entertainment (videos, movies, music)","Joy","5","Not at all","Frequently","Fair","No changes","Never","Very High","Still enjoy activities","Occasionally","Yes","Yes","Frequently","Yes","More than a week","Noticing negative effects on mental health","Anxious or stressed","Yes","No","No change","Boredom","Take short breaks from screens","4","Occasionally","Yes","I attend social events or gatherings"
"2023/10/24 2:58:31 AM GMT+6","I Agree","26","Male","Student","More than 6 hours","Computer/Laptop","Often","Often","Yes","Once a week","Less than 1 hour","Yes","Entertainment (videos, movies, music)","Excitement","5","Not at all","Rarely","Poor","Weight gain","Rarely","High","Still enjoy activities","Rarely","No","Yes","Frequently","No","I have never practiced digital detox","I have never practiced digital detox","I have never practiced digital detox","No","No","I have never practiced digital detox","I have never practiced digital detox","Engage in outdoor activities","5","Frequently","Yes","I prefer to cope alone"
"2023/10/24 6:17:46 AM GMT+6","I Agree","26","Male","Employed (full-time)","More than 6 hours","Computer/Laptop","Often","Occasionally","Yes","Multiple times a day","Less than 1 hour","Yes","Social media updates","Relaxation","3","Occasionally","Occasionally","Good","No changes","Rarely","Moderate","Still enjoy activities","Occasionally","Yes","Yes","Almost daily","No","I have never practiced digital detox","I have never practiced digital detox","I have never practiced digital detox","No","Yes","I have never practiced digital detox","I have never practiced digital detox","Talk to friends or family about technology-related stress","3","Always","Yes","I attend social events or gatherings"
"2023/10/24 9:23:08 AM GMT+6","I Agree","25","Male","Employed (full-time)","5-6 hours","Smartphone","Always","Often","Yes","Multiple times a day","1-2 hours","Yes","Work-related content","Excitement","3","Frequently","Occasionally","Poor","No changes","Frequently","Moderate","Still enjoy activities","Occasionally","Yes","No","Occasionally","Yes","1-3 days","Improving productivity","No significant change","Yes","Yes","Used technology more mindfully","None, it was easy and enjoyable","Take short breaks from screens","3","Frequently","Yes","I prefer to cope alone"
"2023/10/24 2:01:11 PM GMT+6","I Agree","19","Male","Student","3-4 hours","Computer/Laptop","Always","Always","Yes","Multiple times a day","1-2 hours","Yes","Entertainment (videos, movies, music)","Joy","4","Occasionally","Occasionally","Fair","No changes","Rarely","Moderate","Still enjoy activities","Occasionally","No","Yes","Frequently","Yes","More than a week","Improving productivity","Relaxed and refreshed","Yes","Yes","No change","Social pressure to stay connected","Engage in outdoor activities","5","Frequently","Yes","I seek support from friends or family"
"2023/10/24 11:06:43 PM GMT+6","I Agree","20","Male","Student","More than 6 hours","Computer/Laptop","Often","Often","Yes","Multiple times a day","3-4 hours","Yes","Entertainment (videos, movies, music)","Relaxation","3","Occasionally","Occasionally","Fair","No changes","Occasionally","Moderate","Have lost interest","Occasionally","Yes","Yes","Frequently","No","I have never practiced digital detox","I have never practiced digital detox","I have never practiced digital detox","No","Yes","I have never practiced digital detox","I have never practiced digital detox","Set specific time limits for technology use","3","Frequently","Yes","I prefer to cope alone"
"2023/10/24 11:22:16 PM GMT+6","I Agree","26","Male","Student","More than 6 hours","Computer/Laptop","Always","Always","Yes","Multiple times a day","1-2 hours","Yes","Entertainment (videos, movies, music)","Relaxation","2","Frequently","Frequently","Good","Weight loss","Almost all the time","Moderate","Still enjoy activities","Frequently","Yes","Yes","Frequently","Yes","More than a week","Feeling overwhelmed or stressed","Relaxed and refreshed","Yes","Yes","Used technology less","Boredom","Take short breaks from screens","1","Occasionally","Yes","I prefer to cope alone"
"2023/10/24 11:31:35 PM GMT+6","I Agree","25","Male","Employed (full-time)","More than 6 hours","Computer/Laptop","Always","Always","Yes","Multiple times a day","1-2 hours","Yes","Entertainment (videos, movies, music)","Relaxation","2","Frequently","Frequently","Very Poor","Loss of appetite","Frequently","Low","Have lost interest","Frequently","Yes","Yes","Rarely","No","I have never practiced digital detox","I have never practiced digital detox","I have never practiced digital detox","No","Yes","I have never practiced digital detox","I have never practiced digital detox","Engage in outdoor activities","4","Rarely","Yes","I prefer to cope alone"
"2023/10/25 12:11:09 AM GMT+6","I Agree","26","Male","Employed (full-time)","5-6 hours","Smartphone","Always","Always","Yes","Multiple times a day","Less than 1 hour","Yes","Entertainment (videos, movies, music)","Relaxation","2","Frequently","Occasionally","Poor","No changes","Occasionally","Moderate","Have lost interest","Frequently","Yes","No","Rarely","No","I have never practiced digital detox","I have never practiced digital detox","I have never practiced digital detox","No","Yes","I have never practiced digital detox","I have never practiced digital detox","Engage in outdoor activities","3","Rarely","Yes","I seek support from friends or family"
"2023/10/25 12:49:21 AM GMT+6","I Agree","29","Male","Employed (full-time)","3-4 hours","Smartphone","Often","Often","Yes","Multiple times a day","1-2 hours","Yes","Entertainment (videos, movies, music)","Excitement","3","Occasionally","Frequently","Very Poor","Increased appetite","Occasionally","Low","Have lost interest","Almost all the time","Yes","No","Rarely","Yes","Less than a day","Curiosity or personal experiment","Relaxed and refreshed","No","Yes","Used technology more mindfully","FOMO (Fear of Missing Out)","Engage in outdoor activities","4","Rarely","Yes","I prefer to cope alone"
"2023/10/25 12:51:52 AM GMT+6","I Agree","22","Female","Student","More than 6 hours","Smartphone","Often","Always","Yes","Multiple times a day","1-2 hours","Yes","Entertainment (videos, movies, music)","Excitement","2","Frequently","Almost all the time","Fair","Weight gain","Occasionally","Moderate","Have lost interest","Frequently","Yes","Yes","Frequently","Yes","Less than a day","I have never practiced digital detox","I have never practiced digital detox","No","No","No change","Boredom","Practice mindfulness or meditation","1","Rarely","Yes","I seek support from friends or family"
"2023/10/25 4:47:31 AM GMT+6","I Agree","26","Female","Student","More than 6 hours","Smartphone","Always","Always","Yes","Multiple times a day","Less than 1 hour","Yes","Entertainment (videos, movies, music)","Frustration","1","Almost all the time","Almost all the time","Very Poor","Loss of appetite","Almost all the time","Very low","Have lost interest","Frequently","Yes","Yes","Rarely","Yes","4-7 days","Feeling overwhelmed or stressed","No significant change","No","Yes","No change","Boredom","Take short breaks from screens","3","Rarely","Yes","I prefer to cope alone"
"2023/10/25 5:30:25 AM GMT+6","I Agree","23","Male","Student","More than 6 hours","Smartphone","Always","Always","Yes","Multiple times a day","1-2 hours","Yes","Entertainment (videos, movies, music)","Relaxation","3","Occasionally","Occasionally","Good","No changes","Occasionally","Moderate","Still enjoy activities","Occasionally","No","Yes","Occasionally","Yes","1-3 days","Noticing negative effects on mental health","No significant change","Yes","Yes","No change","Boredom","Engage in outdoor activities","2","Always","Yes","I prefer to cope alone"
"2023/10/25 5:43:36 AM GMT+6","I Agree","20","Male","Student","More than 6 hours","Smartphone","Always","Always","Yes","Multiple times a day","1-2 hours","Yes","Entertainment (videos, movies, music)","Stress","1","Almost all the time","Almost all the time","Very Poor","Weight gain","Almost all the time","Very low","Have lost interest","Almost all the time","Yes","No","Frequently","Yes","More than a week","Noticing negative effects on mental health","No significant change","Yes","Yes","Used technology more mindfully","FOMO (Fear of Missing Out)","Talk to friends or family about technology-related stress","1","Occasionally","Yes","I seek support from friends or family"
"2023/10/25 11:17:22 AM GMT+6","I Agree","21","Female","Student","1-2 hours","Computer/Laptop","Often","Often","Yes","Multiple times a day","Less than 1 hour","Yes","Social media updates","Relaxation","3","Not at all","Rarely","Good","No changes","Rarely","High","Still enjoy activities","Frequently","No","Yes","Occasionally","No","I have never practiced digital detox","I have never practiced digital detox","I have never practiced digital detox","No","No","I have never practiced digital detox","I have never practiced digital detox","Talk to friends or family about technology-related stress","4","Rarely","No","I seek support from friends or family"
"2023/10/25 11:32:48 AM GMT+6","I Agree","48 years","Female","Employed (part-time)","3-4 hours","Smartphone","Occasionally","Often","Yes","Multiple times a day","1-2 hours","Yes","Social media updates","Relaxation","4","Not at all","Rarely","Good","No changes","Rarely","High","Still enjoy activities","Rarely","No","No","Frequently","No","I have never practiced digital detox","I have never practiced digital detox","I have never practiced digital detox","No","No","I have never practiced digital detox","I have never practiced digital detox","Practice mindfulness or meditation","4","Occasionally","No","I prefer to cope alone"
"2023/10/25 11:42:35 AM GMT+6","I Agree","14","Male","Student","5-6 hours","Computer/Laptop","Occasionally","Always","Yes","Multiple times a day","3-4 hours","Yes","Entertainment (videos, movies, music)","Joy","3","Frequently","Rarely","Poor","No changes","Occasionally","Low","Still enjoy activities","Frequently","Yes","Yes","Occasionally","Yes","Less than a day","Noticing negative effects on mental health","No significant change","No","Yes","No change","FOMO (Fear of Missing Out)","Take short breaks from screens","2","Never","No","I prefer to cope alone"
"2023/10/25 12:47:42 PM GMT+6","I Agree","49","Male","Employed (full-time)","5-6 hours","Computer/Laptop","Often","Often","Yes","Multiple times a day","1-2 hours","Yes","Work-related content","Relaxation","5","Occasionally","Occasionally","Good","Weight gain","Rarely","High","Still enjoy activities","Occasionally","No","Yes","Occasionally","Yes","1-3 days","Noticing negative effects on mental health","Relaxed and refreshed","Yes","Yes","Used technology less","None, it was easy and enjoyable","Take short breaks from screens","3","Rarely","Yes","I prefer to cope alone"
"2023/10/25 1:48:01 PM GMT+6","I Agree","20","Female","Student","More than 6 hours","Smartphone","Often","Always","Yes","Multiple times a day","Less than 1 hour","Yes","Social media updates","Relaxation","4","Frequently","Occasionally","Fair","Loss of appetite","Occasionally","Moderate","Still enjoy activities","Rarely","Yes","Yes","Occasionally","Yes","More than a week","Improving productivity","Relaxed and refreshed","Yes","Yes","Used technology less","Social pressure to stay connected","Set specific time limits for technology use","4","Occasionally","Yes","I attend social events or gatherings"
"2023/10/25 2:53:53 PM GMT+6","I Agree","14","Male","Student","3-4 hours","Smartphone","Always","Often","Yes","Once a day","Less than 1 hour","Yes","Educational content","Joy","3","Occasionally","Frequently","Good","Weight gain","Rarely","Moderate","Still enjoy activities","Frequently","No","Yes","Almost daily","No","I have never practiced digital detox","I have never practiced digital detox","I have never practiced digital detox","No","No","I have never practiced digital detox","I have never practiced digital detox","Set specific time limits for technology use","4","Never","Yes","I prefer to cope alone"
"2023/10/25 5:33:15 PM GMT+6","I Agree","23","Male","Student","1-2 hours","Smartphone","Often","Often","Yes","Multiple times a day","3-4 hours","Yes","Entertainment (videos, movies, music)","Joy","3","Frequently","Occasionally","Fair","Weight loss","Rarely","Moderate","Still enjoy activities","Occasionally","No","Yes","Frequently","Yes","1-3 days","University work","I am alight but helped ne focus better","Yes","Yes","No change","FOMO (Fear of Missing Out)","Set specific time limits for technology use","3","Occasionally","Yes","I seek support from friends or family"
"2023/10/25 5:51:40 PM GMT+6","I Agree","24","Female","Student","3-4 hours","Smartphone","Occasionally","Always","Yes","Multiple times a day","Less than 1 hour","No","Entertainment (videos, movies, music)","Frustration","3","Occasionally","Frequently","Excellent","Increased appetite","Rarely","Moderate","Have lost interest","Occasionally","Yes","Yes","Frequently","No","I have never practiced digital detox","I have never practiced digital detox","I have never practiced digital detox","No","Yes","I have never practiced digital detox","I have never practiced digital detox","Take short breaks from screens","4","Frequently","Yes","I prefer to cope alone"
"2023/10/25 5:55:13 PM GMT+6","I Agree","22","Female","Student","More than 6 hours","Computer/Laptop","Often","Always","Yes","Several times a week","1-2 hours","Yes","Entertainment (videos, movies, music)","Relaxation","3","Frequently","Frequently","Poor","Weight loss","Rarely","Moderate","Still enjoy activities","Frequently","Yes","No","Rarely","Yes","1-3 days","Feeling overwhelmed or stressed","Relaxed and refreshed","Yes","Yes","Used technology less","Difficulty staying disconnected","Take short breaks from screens","4","Rarely","Yes","I prefer to cope alone"
"2023/10/25 6:19:56 PM GMT+6","I Agree","18","Female","Student","More than 6 hours","Computer/Laptop","Often","Rarely","Yes","Several times a week","3-4 hours","Yes","Entertainment (videos, movies, music)","Joy","4","Not at all","Frequently","Poor","No changes","Rarely","Moderate","Still enjoy activities","Occasionally","Yes","Yes","Rarely","Yes","More than a week","Improving productivity","Relaxed but lonely","Yes","Yes","Used technology more mindfully","Social pressure to stay connected","Practice mindfulness or meditation","3","Rarely","Yes","I do medical surveys of mental health to understand myself better"
"2023/10/25 6:47:18 PM GMT+6","I Agree","25","Male","Employed (full-time)","More than 6 hours","Computer/Laptop","Always","Always","Yes","Multiple times a day","Less than 1 hour","Yes","News and information","Joy","5","Frequently","Occasionally","Fair","Weight loss","Occasionally","Moderate","Still enjoy activities","Occasionally","Yes","Yes","Occasionally","Yes","4-7 days","Improving productivity","No significant change","Yes","Yes","No change","Boredom","Set specific time limits for technology use","3","Occasionally","Yes","I participate in online communities or forums"
"2023/10/25 6:56:15 PM GMT+6","I Agree","19","Male","Student","More than 6 hours","Smartphone","Always","Often","Yes","Multiple times a day","1-2 hours","Yes","Entertainment (videos, movies, music)","Sadness","1","Frequently","Occasionally","Very Poor","Weight gain","Occasionally","Low","Have lost interest","Frequently","Yes","Yes","Rarely","No","Less than a day","Curiosity or personal experiment","Relaxed and refreshed","Yes","Yes","No change","Boredom","Take short breaks from screens","3","Never","Yes","I prefer to cope alone"
"2023/10/25 7:11:53 PM GMT+6","I Agree","23","Male","Student","More than 6 hours","Smartphone","Always","Never","Yes","Multiple times a day","Less than 1 hour","Yes","Entertainment (videos, movies, music)","Joy","5","Not at all","Rarely","Poor","No changes","Occasionally","High","Still enjoy activities","Rarely","No","Yes","Rarely","No","I have never practiced digital detox","I have never practiced digital detox","I have never practiced digital detox","No","No","I have never practiced digital detox","I have never practiced digital detox","Take short breaks from screens","1","Always","No","I prefer to cope alone"
"2023/10/25 8:35:55 PM GMT+6","I Agree","23","Male","Student","5-6 hours","Computer/Laptop","Often","Always","Yes","Multiple times a day","3-4 hours","Yes","Entertainment (videos, movies, music)","Excitement","3","Not at all","Rarely","Good","Weight gain","Rarely","Moderate","Still enjoy activities","Rarely","No","Yes","Frequently","No","I have never practiced digital detox","I have never practiced digital detox","I have never practiced digital detox","No","No","I have never practiced digital detox","I have never practiced digital detox","Take short breaks from screens","4","Frequently","Yes","I seek support from friends or family"
"2023/10/25 8:42:37 PM GMT+6","I Agree","22","Female","Student","More than 6 hours","Computer/Laptop","Rarely","Often","Yes","Multiple times a day","Less than 1 hour","Yes","Educational content","Stress","4","Occasionally","Occasionally","Excellent","Weight loss","Rarely","High","Still enjoy activities","Occasionally","No","Yes","Almost daily","Yes","1-3 days","Feeling overwhelmed or stressed","Relaxed and refreshed","No","Yes","Used technology more mindfully","Difficulty staying disconnected","Take short breaks from screens","4","Frequently","No","I prefer to cope alone"
"2023/10/25 10:26:00 PM GMT+6","I Agree","25","Female","Employed (full-time)","5-6 hours","Smartphone","Always","Always","Yes","Multiple times a day","Less than 1 hour","Yes","Social media updates","Relaxation","5","Occasionally","Rarely","Fair","No changes","Rarely","Low","Have lost interest","Frequently","No","Yes","Occasionally","Yes","Less than a day","Feeling overwhelmed or stressed","Relaxed and refreshed","No","Yes","Used technology less","FOMO (Fear of Missing Out)","Take short breaks from screens","2","Occasionally","Yes","I seek support from friends or family"
"2023/10/25 10:29:25 PM GMT+6","I Agree","24","Female","Student","More than 6 hours","Smartphone","Always","Always","Yes","Multiple times a day","More than 6 hours","Yes","Entertainment (videos, movies, music)","Frustration","1","Almost all the time","Almost all the time","Very Poor","Weight gain","Almost all the time","Very low","Have lost interest","Almost all the time","Yes","No","Rarely","No","I have never practiced digital detox","I have never practiced digital detox","I have never practiced digital detox","No","No","I have never practiced digital detox","I have never practiced digital detox","Seek professional help or counseling","1","Never","Yes","I prefer to cope alone"
"2023/10/25 10:43:51 PM GMT+6","I Agree","23","Female","Employed (part-time)","3-4 hours","Smartphone","Often","Often","Yes","Multiple times a day","1-2 hours","Yes","Social media updates","Stress","4","Occasionally","Occasionally","Poor","Loss of appetite","Occasionally","Moderate","Still enjoy activities","Occasionally","Yes","Yes","Occasionally","No","1-3 days","Improving productivity","No significant change","Yes","Yes","No change","Boredom","Take short breaks from screens","3","Occasionally","Yes","I prefer to cope alone"
"2023/10/25 10:53:09 PM GMT+6","I Agree","23","Female","Student","More than 6 hours","Computer/Laptop","Always","Always","Yes","Several times a week","Less than 1 hour","Yes","Entertainment (videos, movies, music)","Relaxation","3","Occasionally","Frequently","Poor","No changes","Rarely","Moderate","Have lost interest","Occasionally","Yes","Yes","Rarely","Yes","I have never practiced digital detox","I have never practiced digital detox","I have never practiced digital detox","Yes","Yes","I have never practiced digital detox","I have never practiced digital detox","Unplug from technology for a designated period","4","Rarely","Yes","I prefer to cope alone"
"2023/10/25 11:40:25 PM GMT+6","I Agree","26","Male","Student","3-4 hours","Smartphone","Always","Always","Yes","Multiple times a day","Less than 1 hour","No","Social media updates","Excitement","3","Not at all","Never","Good","No changes","Never","Moderate","Still enjoy activities","Rarely","No","Yes","Almost daily","Yes","I have never practiced digital detox","Improving productivity","I have never practiced digital detox","No","Yes","I have never practiced digital detox","I have never practiced digital detox","Engage in outdoor activities","3","Frequently","Yes","I seek support from friends or family"
"2023/10/25 11:48:32 PM GMT+6","I Agree","24","Female","Employed (full-time)","5-6 hours","Smartphone","Often","Often","Yes","Multiple times a day","Less than 1 hour","Yes","Entertainment (videos, movies, music)","Anxiety","2","Almost all the time","Frequently","Poor","Loss of appetite","Frequently","Low","Have lost interest","Occasionally","Yes","No","Rarely","Yes","4-7 days","Feeling overwhelmed or stressed","Relaxed and refreshed","Yes","Yes","Used technology more mindfully","Difficulty staying disconnected","Practice mindfulness or meditation","3","Occasionally","Yes","I prefer to cope alone"
"2023/10/26 12:19:30 AM GMT+6","I Agree","24","Female","Employed (part-time)","3-4 hours","Smartphone","Always","Always","Yes","Multiple times a day","1-2 hours","Yes","Entertainment (videos, movies, music)","Relaxation","3","Occasionally","Rarely","Excellent","No changes","Rarely","Moderate","Have lost interest","Rarely","No","Yes","Occasionally","No","Less than a day","Feeling overwhelmed or stressed","No significant change","Yes","Yes","Used technology more mindfully","Boredom","Unplug from technology for a designated period","3","Never","Yes","I prefer to cope alone"
"2023/10/26 1:15:44 AM GMT+6","I Agree","21","Female","Student","More than 6 hours","Smartphone","Always","Always","Yes","Multiple times a day","5-6 hours","Yes","Entertainment (videos, movies, music)","Relaxation","3","Frequently","Frequently","Very Poor","Weight loss","Rarely","Moderate","Still enjoy activities","Occasionally","No","No","Occasionally","No","I have never practiced digital detox","I have never practiced digital detox","I have never practiced digital detox","No","Yes","I have never practiced digital detox","I have never practiced digital detox","Engage in outdoor activities","4","Occasionally","Yes","I attend social events or gatherings"
"2023/10/26 11:31:12 AM GMT+6","I Agree","24","Male","Student","5-6 hours","Smartphone","Often","Always","Yes","Multiple times a day","1-2 hours","Yes","Entertainment (videos, movies, music)","Relaxation","3","Occasionally","Almost all the time","Fair","Weight loss","Never","Low","Have lost interest","Frequently","Yes","No","Rarely","Yes","Less than a day","Noticing negative effects on mental health","No significant change","No","No","No change","Difficulty staying disconnected","Engage in outdoor activities","3","Occasionally","Yes","I prefer to cope alone"
"2023/10/26 4:17:36 PM GMT+6","I Agree","21","Male","Employed (part-time)","3-4 hours","Smartphone","Always","Always","Yes","Multiple times a day","1-2 hours","Yes","Entertainment (videos, movies, music)","Relaxation","3","Occasionally","Occasionally","Fair","No changes","Rarely","Moderate","Still enjoy activities","Occasionally","Yes","No","Rarely","No","I have never practiced digital detox","I have never practiced digital detox","I have never practiced digital detox","No","No","I have never practiced digital detox","I have never practiced digital detox","Take short breaks from screens","3","Rarely","Yes","I prefer to cope alone"
"2023/10/27 12:51:12 AM GMT+6","I Agree","25","Male","Employed (full-time)","More than 6 hours","Computer/Laptop","Always","Always","Yes","Once a day","1-2 hours","Yes","News and information","Relaxation","5","Occasionally","Rarely","Good","No changes","Rarely","Moderate","Still enjoy activities","Rarely","No","Yes","Almost daily","No","I have never practiced digital detox","I have never practiced digital detox","I have never practiced digital detox","No","No","I have never practiced digital detox","I have never practiced digital detox","All of the above except counselling. ","5","Frequently","Yes","I attend social events or gatherings"
"2023/10/27 5:18:23 PM GMT+6","I Agree","25","Male","Student","More than 6 hours","Computer/Laptop","Always","Always","Yes","Multiple times a day","1-2 hours","Yes","Entertainment (videos, movies, music)","Relaxation","1","Almost all the time","Frequently","Very Poor","Loss of appetite","Occasionally","Low","Have lost interest","Frequently","Yes","Yes","Rarely","No","I have never practiced digital detox","I have never practiced digital detox","I have never practiced digital detox","No","No","I have never practiced digital detox","I have never practiced digital detox","Talk to friends or family about technology-related stress","3","Rarely","Yes","I seek support from friends or family"
"2023/10/27 5:28:27 PM GMT+6","I Agree","15","Female","Student","5-6 hours","Smartphone","Often","Often","Yes","Multiple times a day","3-4 hours","No","Entertainment (videos, movies, music)","Joy","2","Frequently","Frequently","Fair","Weight loss","Almost all the time","Low","Still enjoy activities","Frequently","No","No","Occasionally","No","I have never practiced digital detox","I have never practiced digital detox","I have never practiced digital detox","No","No","I have never practiced digital detox","I have never practiced digital detox","Take short breaks from screens","2","Rarely","No","I seek support from friends or family"
"2023/10/27 6:06:57 PM GMT+6","I Agree","25","Female","Homemaker","More than 6 hours","Smartphone","Often","Often","Yes","Multiple times a day","3-4 hours","Yes","Entertainment (videos, movies, music)","Joy","3","Almost all the time","Frequently","Poor","Loss of appetite","Frequently","Very low","Have lost interest","Frequently","Yes","Yes","Rarely","Yes","1-3 days","Noticing negative effects on mental health","Anxious or stressed","No","Yes","Used technology more mindfully","Boredom","Engage in outdoor activities","4","Rarely","Yes","I seek support from friends or family"
"2023/10/27 6:30:17 PM GMT+6","I Agree","26","Female","Employed (full-time)","More than 6 hours","Computer/Laptop","Always","Always","Yes","Several times a week","1-2 hours","Yes","Entertainment (videos, movies, music)","Joy","5","Occasionally","Occasionally","Fair","Weight gain","Rarely","Low","Have lost interest","Rarely","Yes","Yes","Occasionally","No","1-3 days","Feeling overwhelmed or stressed","Relaxed and refreshed","No","No","No change","FOMO (Fear of Missing Out)","Set specific time limits for technology use","2","Occasionally","No","I seek support from friends or family"
"2023/10/27 8:02:43 PM GMT+6","I Agree","23","Female","Student","More than 6 hours","Smartphone","Often","Often","Yes","Multiple times a day","Less than 1 hour","Yes","Entertainment (videos, movies, music)","Joy","1","Almost all the time","Almost all the time","Very Poor","Weight loss","Frequently","Moderate","Have lost interest","Frequently","Yes","No","Rarely","Yes","Less than a day","Feeling overwhelmed or stressed","No significant change","No","Yes","No change","Boredom","Take short breaks from screens","2","Occasionally","No","I prefer to cope alone"
"2023/10/27 8:11:40 PM GMT+6","I Agree","23","Male","Student","5-6 hours","Smartphone","Always","Always","Yes","Multiple times a day","1-2 hours","Yes","Entertainment (videos, movies, music)","Excitement","3","Occasionally","Rarely","Good","Weight gain","Occasionally","High","Still enjoy activities","Occasionally","Yes","No","Occasionally","Yes","1-3 days","Improving productivity","Relaxed and refreshed","Yes","No","Used technology less","FOMO (Fear of Missing Out)","Take short breaks from screens","3","Occasionally","Yes","I seek support from friends or family"
"2023/10/27 8:48:29 PM GMT+6","I Agree","23","Female","Student","More than 6 hours","Smartphone","Often","Often","Yes","Multiple times a day","Less than 1 hour","Yes","All types mentioned above","Joy","4","Not at all","Occasionally","Fair","Weight gain","Frequently","Low","Have lost interest","Rarely","No","Yes","Occasionally","Yes","1-3 days","Feeling overwhelmed or stressed","No significant change","Yes","No","Used technology more mindfully","Difficulty staying disconnected","Unplug from technology for a designated period","3","Rarely","Yes","I seek support from friends or family"
"2023/10/27 9:58:06 PM GMT+6","I Agree","25","Male","Student","More than 6 hours","Smartphone","Always","Always","Yes","Multiple times a day","1-2 hours","Yes","Entertainment (videos, movies, music)","Excitement","1","Almost all the time","Almost all the time","Very Poor","Increased appetite","Frequently","Very low","Have lost interest","Almost all the time","Yes","No","Rarely","Yes","Less than a day","Improving productivity","Anxious or stressed","Yes","Yes","Used technology more mindfully","Boredom","Engage in outdoor activities","5","Occasionally","Yes","I attend social events or gatherings"
"2023/10/27 10:10:32 PM GMT+6","I Agree","27","Female","Homemaker","3-4 hours","Smartphone","Often","Rarely","No","Rarely or never","Less than 1 hour","Yes","News and information","Relaxation","3","Not at all","Almost all the time","Fair","No changes","Frequently","Moderate","Still enjoy activities","Frequently","No","Yes","Occasionally","Yes","Less than a day","Noticing negative effects on mental health","Anxious or stressed","Yes","No","Used technology less","FOMO (Fear of Missing Out)","Take short breaks from screens","3","Never","No","I participate in online communities or forums"
"2023/10/27 10:20:32 PM GMT+6","I Agree","24","Male","Employed (full-time)","3-4 hours","Smartphone","Often","Always","Yes","Multiple times a day","1-2 hours","Yes","Entertainment (videos, movies, music)","Relaxation","4","Frequently","Frequently","Fair","No changes","Rarely","Moderate","Still enjoy activities","Rarely","No","Yes","Rarely","Yes","1-3 days","Improving productivity","Relaxed and refreshed","Yes","No","Used technology less","FOMO (Fear of Missing Out)","Engage in outdoor activities","5","Rarely","Yes","I seek support from friends or family"
"2023/10/27 11:10:24 PM GMT+6","I Agree","23","Male","Student","More than 6 hours","Computer/Laptop","Often","Often","Yes","Multiple times a day","1-2 hours","Yes","News and information","Relaxation","4","Occasionally","Rarely","Poor","Weight gain","Frequently","Low","Have lost interest","Occasionally","Yes","Yes","Rarely","Yes","1-3 days","Focusing on in-person relationships","Relaxed and refreshed","Yes","Yes","Used technology more mindfully","Work life issues. Apart from that, all good.","Engage in outdoor activities","3","Rarely","Yes","I attend social events or gatherings"
"2023/10/27 11:16:53 PM GMT+6","I Agree","21","Male","Student","More than 6 hours","Smartphone","Often","Often","Yes","Multiple times a day","Less than 1 hour","Yes","Entertainment (videos, movies, music)","Joy","2","Frequently","Occasionally","Excellent","No changes","Occasionally","Very High","Still enjoy activities","Occasionally","No","Yes","Almost daily","Yes","1-3 days","Focusing on in-person relationships","Relaxed and refreshed","Yes","No","No change","Boredom","Take short breaks from screens","3","Frequently","Yes","I seek support from friends or family"
"2023/10/27 11:19:17 PM GMT+6","I Agree","22","Female","Student","More than 6 hours","Smartphone","Always","Always","Yes","Multiple times a day","3-4 hours","Yes","Entertainment (videos, movies, music)","Joy","2","Frequently","Frequently","Fair","Weight gain","Occasionally","Low","Have lost interest","Almost all the time","No","Yes","Occasionally","No","I have never practiced digital detox","I have never practiced digital detox","I have never practiced digital detox","No","No","I have never practiced digital detox","I have never practiced digital detox","Set specific time limits for technology use","2","Occasionally","Yes","I seek support from friends or family"
"2023/10/27 11:19:28 PM GMT+6","I Agree","22","Male","Student","More than 6 hours","Smartphone","Always","Always","Yes","Multiple times a day","1-2 hours","Yes","Social media updates","Joy","4","Frequently","Frequently","Good","No changes","Frequently","Moderate","Still enjoy activities","Frequently","Yes","Yes","Occasionally","No","I have never practiced digital detox","I have never practiced digital detox","I have never practiced digital detox","No","No","I have never practiced digital detox","I have never practiced digital detox","Engage in outdoor activities","4","Rarely","Yes","I prefer to cope alone"
"2023/10/27 11:23:48 PM GMT+6","I Agree","22","Male","Student","More than 6 hours","Smartphone","Always","Always","Yes","Multiple times a day","More than 6 hours","Yes","Entertainment (videos, movies, music)","Relaxation","5","Almost all the time","Almost all the time","Very Poor","Weight loss","Almost all the time","Very High","Have lost interest","Almost all the time","Yes","Yes","Almost daily","Yes","More than a week","Noticing negative effects on mental health","Relaxed and refreshed","Yes","Yes","I have never practiced digital detox","FOMO (Fear of Missing Out)","Engage in outdoor activities","1","Occasionally","Yes","I prefer to cope alone"
"2023/10/27 11:30:44 PM GMT+6","I Agree","23","Male","Student","More than 6 hours","Smartphone","Occasionally","Always","Yes","Multiple times a day","1-2 hours","Yes","Entertainment (videos, movies, music)","Relaxation","5","Occasionally","Almost all the time","Fair","Weight loss","Occasionally","Moderate","Have lost interest","Almost all the time","Yes","No","Almost daily","Yes","4-7 days","To find peace ","Not sure had a mix experience","Yes","Yes","Used technology more mindfully","FOMO (Fear of Missing Out)","Take short breaks from screens","3","Always","Yes","I prefer to cope alone"
"2023/10/27 11:52:28 PM GMT+6","I Agree","23","Male","Student","More than 6 hours","Computer/Laptop","Always","Always","Yes","Multiple times a day","1-2 hours","Yes","Work-related content","Joy","4","Occasionally","Occasionally","Fair","No changes","Occasionally","High","Still enjoy activities","Almost all the time","Yes","No","Rarely","No","I have never practiced digital detox","I have never practiced digital detox","I have never practiced digital detox","No","No","I have never practiced digital detox","I have never practiced digital detox","Take short breaks from screens","2","Never","Yes","I attend social events or gatherings"
"2023/10/28 12:02:14 AM GMT+6","I Agree","25","Female","Employed (full-time)","More than 6 hours","Smartphone","Always","Always","Yes","Multiple times a day","Less than 1 hour","Yes","Social media updates","Joy","3","Occasionally","Frequently","Excellent","No changes","Rarely","High","Still enjoy activities","Frequently","No","Yes","Almost daily","Yes","More than a week","Improving productivity","Relaxed and refreshed","Yes","Yes","Used technology less","Social pressure to stay connected","Engage in outdoor activities","2","Always","Yes","I seek support from friends or family"
"2023/10/28 12:11:02 AM GMT+6","I Agree","25","Female","Student","5-6 hours","Smartphone","Always","Always","Yes","Multiple times a day","Less than 1 hour","Yes","Entertainment (videos, movies, music)","Relaxation","4","Frequently","Almost all the time","Fair","Increased appetite","Rarely","Moderate","Have lost interest","Frequently","Yes","Yes","Rarely","Yes","More than a week","Feeling overwhelmed or stressed","Relaxed and refreshed","Yes","Yes","Used technology more mindfully","None, it was easy and enjoyable","Engage in outdoor activities","4","Frequently","Yes","I prefer to cope alone"
"2023/10/28 12:33:07 AM GMT+6","I Agree","24","Male","Student","More than 6 hours","Smartphone","Occasionally","Always","Yes","Multiple times a day","Less than 1 hour","Yes","Entertainment (videos, movies, music)","Relaxation","4","Not at all","Never","Excellent","No changes","Never","Very High","Still enjoy activities","Rarely","No","Yes","Almost daily","No","I have never practiced digital detox","I have never practiced digital detox","I have never practiced digital detox","No","No","I have never practiced digital detox","I have never practiced digital detox","Engage in outdoor activities","3","Frequently","Yes","I prefer to cope alone"
"2023/10/28 12:52:30 AM GMT+6","I Agree","19","Female","Student","1-2 hours","Smartphone","Often","Often","Yes","Multiple times a day","Less than 1 hour","Yes","Entertainment (videos, movies, music)","Joy","5","Not at all","Rarely","Good","No changes","Rarely","Moderate","Still enjoy activities","Rarely","No","Yes","Almost daily","Yes","4-7 days","Curiosity or personal experiment","No significant change","Yes","Yes","Used technology more mindfully","Boredom","Take short breaks from screens","5","Always","Yes","I attend social events or gatherings"
"2023/10/28 1:53:08 AM GMT+6","I Agree","19","Female","Student","More than 6 hours","Smartphone","Always","Always","Yes","Multiple times a day","Less than 1 hour","Yes","Educational content","Relaxation","4","Occasionally","Occasionally","Good","Weight gain","Occasionally","Moderate","Still enjoy activities","Rarely","No","Yes","Rarely","Yes","I have never practiced digital detox","I have never practiced digital detox","I have never practiced digital detox","No","Yes","I have never practiced digital detox","I have never practiced digital detox","Take short breaks from screens","4","Rarely","Yes","I seek support from friends or family"
"2023/10/28 1:59:07 AM GMT+6","I Agree","15","Male","Student","5-6 hours","Smartphone","Often","Always","Yes","Multiple times a day","3-4 hours","Yes","Entertainment (videos, movies, music)","Relaxation","3","Occasionally","Frequently","Good","Weight loss","Occasionally","High","Still enjoy activities","Frequently","No","Yes","Almost daily","No","I have never practiced digital detox","I have never practiced digital detox","I have never practiced digital detox","No","No","I have never practiced digital detox","I have never practiced digital detox","Engage in outdoor activities","3","Always","Yes","I prefer to cope alone"
"2023/10/28 2:49:20 AM GMT+6","I Agree","22","Female","Student","More than 6 hours","Smartphone","Always","Always","No","Multiple times a day","1-2 hours","Yes","Entertainment (videos, movies, music)","Relaxation","4","Not at all","Occasionally","Poor","No changes","Rarely","Moderate","Still enjoy activities","Occasionally","No","Yes","Occasionally","Yes","1-3 days","Improving productivity","No significant change","Yes","Yes","No change","Boredom","Unplug from technology for a designated period","4","Occasionally","Yes","I prefer to cope alone"
"2023/10/28 3:49:22 AM GMT+6","I Agree","25","Male","Student","5-6 hours","Smartphone","Always","Always","Yes","Multiple times a day","Less than 1 hour","Yes","Entertainment (videos, movies, music)","Relaxation","4","Occasionally","Rarely","Fair","Weight gain","Occasionally","Moderate","Still enjoy activities","Occasionally","Yes","No","Occasionally","No","I have never practiced digital detox","I have never practiced digital detox","I have never practiced digital detox","No","No","I have never practiced digital detox","I have never practiced digital detox","Take short breaks from screens","4","Frequently","No","I prefer to cope alone"
"2023/10/28 9:35:21 AM GMT+6","I Agree","24","Female","Employed (part-time)","3-4 hours","Smartphone","Often","Always","Yes","Multiple times a day","Less than 1 hour","Yes","Entertainment (videos, movies, music)","Relaxation","3","Occasionally","Occasionally","Fair","No changes","Rarely","Low","Have lost interest","Occasionally","Yes","Yes","Rarely","No","I have never practiced digital detox","I have never practiced digital detox","I have never practiced digital detox","No","No","I have never practiced digital detox","I have never practiced digital detox","Take short breaks from screens","2","Never","No","I prefer to cope alone"
"2023/10/28 10:53:01 AM GMT+6","I Agree","24","Female","Student","More than 6 hours","Computer/Laptop","Occasionally","Occasionally","Yes","Multiple times a day","Less than 1 hour","Yes","Educational content","Excitement","1","Almost all the time","Frequently","Poor","Loss of appetite","Occasionally","Low","Have lost interest","Frequently","Yes","No","Rarely","Yes","4-7 days","Noticing negative effects on mental health","Relaxed and refreshed","Yes","Yes","Used technology less","Social pressure to stay connected","Take short breaks from screens","4","Rarely","Yes","I prefer to cope alone"
"2023/10/28 11:07:01 AM GMT+6","I Agree","23","Female","Unemployed","More than 6 hours","Smartphone","Often","Always","Yes","Multiple times a day","More than 6 hours","Yes","Educational content","Anxiety","1","Almost all the time","Almost all the time","Poor","Loss of appetite","Frequently","Very low","Have lost interest","Almost all the time","Yes","No","Rarely","No","Less than a day","Feeling overwhelmed or stressed","Anxious or stressed","No","No","No change","I have never practiced digital detox","Take short breaks from screens","1","Rarely","No","I participate in online communities or forums"
"2023/10/28 11:32:29 AM GMT+6","I Agree","23","Female","Student","3-4 hours","Smartphone","Always","Always","Yes","Multiple times a day","3-4 hours","Yes","Entertainment (videos, movies, music)","Relaxation","3","Occasionally","Occasionally","Poor","Increased appetite","Rarely","Moderate","Have lost interest","Occasionally","Yes","Yes","Rarely","No","I have never practiced digital detox","I have never practiced digital detox","I have never practiced digital detox","No","No","I have never practiced digital detox","I have never practiced digital detox","Take short breaks from screens","2","Never","No","I prefer to cope alone"
"2023/10/28 4:05:21 PM GMT+6","I Agree","22","Female","Student","More than 6 hours","Smartphone","Often","Often","Yes","Multiple times a day","1-2 hours","Yes","Social media updates","Excitement","3","Occasionally","Occasionally","Fair","Loss of appetite","Occasionally","Low","Still enjoy activities","Frequently","Yes","Yes","Occasionally","Yes","Less than a day","Focusing on in-person relationships","No significant change","Yes","No","No change","Difficulty staying disconnected","Take short breaks from screens","3","Rarely","No","I seek support from friends or family"
"2023/10/29 7:03:29 AM GMT+6","I Agree","22","Female","Employed (full-time)","More than 6 hours","Computer/Laptop","Occasionally","Always","Yes","Several times a week","1-2 hours","Yes","Entertainment (videos, movies, music)","Relaxation","4","Frequently","Occasionally","Fair","Weight gain","Frequently","Moderate","Still enjoy activities","Frequently","Yes","Yes","Occasionally","Yes","Less than a day","Noticing negative effects on mental health","Anxious or stressed","Yes","Yes","Used technology more mindfully","Difficulty staying disconnected","Engage in outdoor activities","4","Occasionally","Yes","I prefer to cope alone"
"2023/10/29 1:53:18 PM GMT+6","I Agree","26.5","Female","Employed (full-time)","More than 6 hours","Smartphone","Always","Always","Yes","Multiple times a day","1-2 hours","Yes","Entertainment (videos, movies, music)","Relaxation","3","Almost all the time","Occasionally","Very Poor","No changes","Frequently","Low","Still enjoy activities","Frequently","Yes","Yes","Rarely","Yes","More than a week","Feeling overwhelmed or stressed","Anxious or stressed","No","No","Used technology less","Difficulty staying disconnected","Take short breaks from screens","3","Never","No","I prefer to cope alone"
"2023/11/01 7:21:19 PM GMT+6","I Agree","16","Female","Student","More than 6 hours","Smartphone","Always","Always","Yes","Multiple times a day","1-2 hours","Yes","Entertainment (videos, movies, music)","Relaxation","3","Occasionally","Frequently","Poor","Increased appetite","Occasionally","Very low","Have lost interest","Almost all the time","Yes","Yes","Occasionally","No","I have never practiced digital detox","I have never practiced digital detox","I have never practiced digital detox","No","Yes","I have never practiced digital detox","I have never practiced digital detox","Talk to friends or family about technology-related stress","4","Occasionally","Yes","I seek support from friends or family"
"2023/11/01 7:31:54 PM GMT+6","I Agree","22","Male","Student","3-4 hours","Smartphone","Occasionally","Often","Yes","Multiple times a day","Less than 1 hour","Yes","Entertainment (videos, movies, music)","Relaxation","4","Not at all","Rarely","Good","No changes","Frequently","Moderate","Still enjoy activities","Rarely","No","No","Occasionally","Yes","Less than a day","Noticing negative effects on mental health","Relaxed and refreshed","No","No","No change","None, it was easy and enjoyable","Engage in outdoor activities","3","Rarely","Yes","I seek support from friends or family"
"2023/11/01 7:39:06 PM GMT+6","I Agree","25","Male","Employed (part-time)","3-4 hours","Smartphone","Often","Always","Yes","Multiple times a day","Less than 1 hour","Yes","Entertainment (videos, movies, music)","Joy","3","Frequently","Occasionally","Good","Weight gain","Rarely","High","Still enjoy activities","Rarely","Yes","Yes","Occasionally","Yes","1-3 days","Noticing negative effects on mental health","Anxious or stressed","Yes","No","Used technology less","FOMO (Fear of Missing Out)","Take short breaks from screens","3","Rarely","Yes","I seek support from friends or family"
"2023/11/01 7:39:50 PM GMT+6","I Agree","23","Female","Student","5-6 hours","Smartphone","Always","Always","Yes","Multiple times a day","Less than 1 hour","Yes","Social media updates","Anxiety","3","Occasionally","Frequently","Poor","No changes","Rarely","Moderate","Still enjoy activities","Frequently","No","Yes","Occasionally","Yes","I have never practiced digital detox","I have never practiced digital detox","I have never practiced digital detox","No","Yes","I have never practiced digital detox","I have never practiced digital detox","Take short breaks from screens","3","Rarely","Yes","I prefer to cope alone"
"2023/11/01 7:47:27 PM GMT+6","I Agree","22","Male","Student","More than 6 hours","Smartphone","Often","Always","Yes","Multiple times a day","1-2 hours","Yes","Entertainment (videos, movies, music)","Relaxation","3","Frequently","Frequently","Fair","Loss of appetite","Rarely","Moderate","Still enjoy activities","Almost all the time","Yes","Yes","Rarely","No","Less than a day","Improving productivity","No significant change","No","Yes","No change","FOMO (Fear of Missing Out)","Take short breaks from screens","3","Rarely","Yes","I prefer to cope alone"
"2023/11/01 7:49:04 PM GMT+6","I Agree","23","Female","Student","3-4 hours","Smartphone","Always","Always","Yes","Multiple times a day","1-2 hours","Yes","Entertainment (videos, movies, music)","Joy","4","Occasionally","Occasionally","Poor","No changes","Occasionally","Moderate","Have lost interest","Occasionally","Yes","Yes","Occasionally","No","I have never practiced digital detox","I have never practiced digital detox","I have never practiced digital detox","No","No","I have never practiced digital detox","I have never practiced digital detox","Engage in outdoor activities","3","Rarely","Yes","I seek support from friends or family"
"2023/11/01 7:50:37 PM GMT+6","I Agree","24","Others","Student","5-6 hours","Smartphone","Often","Always","Yes","Multiple times a day","3-4 hours","Yes","Entertainment (videos, movies, music)","Relaxation","3","Occasionally","Almost all the time","Good","Increased appetite","Occasionally","Moderate","Have lost interest","Frequently","Yes","No","Rarely","No","Less than a day","Feeling overwhelmed or stressed","Relaxed and refreshed","No","No","Used technology more mindfully","FOMO (Fear of Missing Out)","Engage in outdoor activities","3","Rarely","Yes","I prefer to cope alone"
"2023/11/01 7:51:09 PM GMT+6","I Agree","25","Male","Student","5-6 hours","Smartphone","Always","Always","Yes","Multiple times a day","Less than 1 hour","Yes","Entertainment (videos, movies, music)","Relaxation","3","Occasionally","Frequently","Fair","No changes","Rarely","Moderate","Still enjoy activities","Occasionally","Yes","Yes","Occasionally","Yes","1-3 days","Improving productivity","Anxious or stressed","Yes","Yes","No change","Boredom","Talk to friends or family about technology-related stress","3","Occasionally","Yes","I participate in online communities or forums"
"2023/11/01 8:18:13 PM GMT+6","I Agree","23","Female","Student","3-4 hours","Smartphone","Always","Always","Yes","Multiple times a day","Less than 1 hour","Yes","Entertainment (videos, movies, music)","Relaxation","3","Frequently","Almost all the time","Fair","Increased appetite","Occasionally","Low","Still enjoy activities","Frequently","No","Yes","Rarely","No","I have never practiced digital detox","I have never practiced digital detox","I have never practiced digital detox","No","Yes","I have never practiced digital detox","I have never practiced digital detox","Talk to friends or family about technology-related stress","2","Rarely","Yes","I seek support from friends or family"
"2023/11/01 8:20:51 PM GMT+6","I Agree","23","Female","Student","3-4 hours","Smartphone","Always","Often","Yes","Multiple times a day","1-2 hours","Yes","Entertainment (videos, movies, music)","Anxiety","2","Frequently","Frequently","Poor","Loss of appetite","Almost all the time","Moderate","Still enjoy activities","Frequently","No","Yes","Occasionally","Yes","4-7 days","Focusing on in-person relationships","Relaxed and refreshed","No","Yes","Used technology more mindfully","FOMO (Fear of Missing Out)","Talk to friends or family about technology-related stress","4","Occasionally","Yes","I prefer to cope alone"
"2023/11/01 8:50:36 PM GMT+6","I Agree","23","Female","Student","3-4 hours","Computer/Laptop","Often","Never","Yes","Multiple times a day","1-2 hours","Yes","Entertainment (videos, movies, music)","Stress","5","Not at all","Frequently","Fair","No changes","Rarely","Low","Still enjoy activities","Occasionally","No","Yes","Occasionally","Yes","1-3 days","Noticing negative effects on mental health","Relaxed and refreshed","Yes","Yes","Used technology more mindfully","Social pressure to stay connected","Engage in outdoor activities","5","Rarely","Yes","I seek support from friends or family"
"2023/11/01 8:55:09 PM GMT+6","I Agree","23","Female","Student","5-6 hours","Smartphone","Always","Always","Yes","Multiple times a day","1-2 hours","Yes","Entertainment (videos, movies, music)","Relaxation","5","Not at all","Occasionally","Good","Weight gain","Rarely","Moderate","Still enjoy activities","Occasionally","No","Yes","Occasionally","No","I have never practiced digital detox","I have never practiced digital detox","I have never practiced digital detox","No","Yes","I have never practiced digital detox","I have never practiced digital detox","Take short breaks from screens","5","Rarely","Yes","I prefer to cope alone"
"2023/11/01 9:09:07 PM GMT+6","I Agree","24 ","Female","Student","More than 6 hours","Smartphone","Always","Always","Yes","Multiple times a day","Less than 1 hour","Yes","Social media updates","Stress","2","Frequently","Almost all the time","Fair","Weight gain","Occasionally","Low","Have lost interest","Occasionally","Yes","No","Rarely","Yes","1-3 days","Improving productivity","Anxious or stressed","Yes","Yes","No change","Boredom","Take short breaks from screens","4","Rarely","Yes","I prefer to cope alone"
"2023/11/01 9:12:21 PM GMT+6","I Agree","23","Female","Student","More than 6 hours","Smartphone","Always","Always","Yes","Multiple times a day","Less than 1 hour","Yes","Social media updates","Relaxation","1","Almost all the time","Frequently","Fair","Weight gain","Frequently","Moderate","Still enjoy activities","Rarely","Yes","No","Rarely","No","I have never practiced digital detox","I have never practiced digital detox","I have never practiced digital detox","No","Yes","I have never practiced digital detox","I have never practiced digital detox","Set specific time limits for technology use","2","Never","No","I prefer to cope alone"
"2023/11/01 10:20:38 PM GMT+6","I Agree","23","Male","Student","More than 6 hours","Smartphone","Often","Always","Yes","Multiple times a day","Less than 1 hour","Yes","Social media updates","Stress","3","Frequently","Occasionally","Very Poor","Weight gain","Rarely","Moderate","Have lost interest","Frequently","Yes","No","Almost daily","Yes","Less than a day","Improving productivity","Relaxed and refreshed","Yes","Yes","Used technology less","FOMO (Fear of Missing Out)","Engage in outdoor activities","4","Occasionally","Yes","I seek support from friends or family"
"2023/11/01 10:21:41 PM GMT+6","I Agree","24","Male","Student","More than 6 hours","Smartphone","Always","Always","Yes","Multiple times a day","Less than 1 hour","Yes","Entertainment (videos, movies, music)","Joy","2","Frequently","Occasionally","Very Poor","Loss of appetite","Occasionally","Low","Have lost interest","Frequently","Yes","No","Occasionally","No","I have never practiced digital detox","I have never practiced digital detox","I have never practiced digital detox","No","No","I have never practiced digital detox","I have never practiced digital detox","Take short breaks from screens","2","Occasionally","Yes","I prefer to cope alone"
"2023/11/01 10:25:09 PM GMT+6","I Agree","16","Female","Student","3-4 hours","Smartphone","Always","Always","Yes","Several times a week","1-2 hours","Yes","Entertainment (videos, movies, music)","Relaxation","3","Frequently","Almost all the time","Very Poor","No changes","Occasionally","Low","Still enjoy activities","Almost all the time","Yes","Yes","Rarely","No","I have never practiced digital detox","I have never practiced digital detox","I have never practiced digital detox","No","No","I have never practiced digital detox","I have never practiced digital detox","Take short breaks from screens","3","Occasionally","Yes","I prefer to cope alone"
"2023/11/01 10:33:36 PM GMT+6","I Agree","23","Female","Student","5-6 hours","Smartphone","Always","Always","Yes","Multiple times a day","1-2 hours","Yes","News and information","Joy","3","Occasionally","Rarely","Fair","Increased appetite","Rarely","Moderate","Still enjoy activities","Occasionally","Yes","Yes","Rarely","Yes","More than a week","Feeling overwhelmed or stressed","Relaxed and refreshed","Yes","Yes","Used technology more mindfully","Boredom","Take short breaks from screens","3","Occasionally","Yes","I prefer to cope alone"
"2023/11/01 10:43:22 PM GMT+6","I Agree","24","Female","Student","3-4 hours","Smartphone","Often","Occasionally","Yes","Multiple times a day","Less than 1 hour","Yes","Entertainment (videos, movies, music)","Stress","3","Frequently","Frequently","Fair","Increased appetite","Occasionally","Low","Have lost interest","Almost all the time","Yes","No","Occasionally","Yes","1-3 days","Improving productivity","Relaxed and refreshed","Yes","Yes","Used technology less","Boredom","Take short breaks from screens","4","Occasionally","Yes","I prefer to cope alone"
"2023/11/02 1:56:32 AM GMT+6","I Agree","24","Female","Student","More than 6 hours","Smartphone","Often","Always","Yes","Several times a week","1-2 hours","Yes","Entertainment (videos, movies, music)","Excitement","1","Almost all the time","Almost all the time","Very Poor","Increased appetite","Occasionally","Very low","Have lost interest","Frequently","Yes","Yes","Rarely","Yes","Less than a day","I have never practiced digital detox","No significant change","No","No","No change","Boredom","Seek professional help or counseling","3","Rarely","No","I prefer to cope alone"
"2023/11/02 2:02:17 AM GMT+6","I Agree","24","Male","Student","5-6 hours","Smartphone","Often","Always","Yes","Multiple times a day","1-2 hours","Yes","Entertainment (videos, movies, music)","Excitement","4","Occasionally","Rarely","Poor","No changes","Rarely","Moderate","Have lost interest","Occasionally","Yes","Yes","Occasionally","Yes","More than a week","Improving productivity","Relaxed and refreshed","Yes","Yes","Used technology less","Social pressure to stay connected","Engage in outdoor activities","4","Occasionally","Yes","I attend social events or gatherings"
"2023/11/02 3:42:12 AM GMT+6","I Agree","24","Male","Student","3-4 hours","Smartphone","Often","Often","Yes","Multiple times a day","Less than 1 hour","Yes","Entertainment (videos, movies, music)","Relaxation","4","Occasionally","Rarely","Fair","Weight gain","Rarely","High","Still enjoy activities","Occasionally","No","Yes","Occasionally","No","I have never practiced digital detox","I have never practiced digital detox","I have never practiced digital detox","No","No","I have never practiced digital detox","I have never practiced digital detox","Practice mindfulness or meditation","4","Always","Yes","I prefer to cope alone"
"2023/11/02 7:36:13 PM GMT+6","I Agree","24","Male","Student","5-6 hours","Smartphone","Always","Always","Yes","Multiple times a day","Less than 1 hour","Yes","News and information","Frustration","2","Frequently","Occasionally","Good","Increased appetite","Occasionally","Moderate","Have lost interest","Frequently","No","Yes","Occasionally","No","I have never practiced digital detox","I have never practiced digital detox","I have never practiced digital detox","No","Yes","I have never practiced digital detox","I have never practiced digital detox","Take short breaks from screens","3","Occasionally","Yes","I prefer to cope alone"
"2023/11/03 12:50:37 AM GMT+6","I Agree","24","Male","Student","More than 6 hours","Computer/Laptop","Always","Always","Yes","Multiple times a day","Less than 1 hour","Yes","Work-related content","Joy","4","Not at all","Rarely","Good","No changes","Frequently","High","Still enjoy activities","Rarely","No","Yes","Occasionally","Yes","Less than a day","Improving productivity","Relaxed and refreshed","No","Yes","Used technology more mindfully","Difficulty staying disconnected","Practice mindfulness or meditation","4","Frequently","No","I prefer to cope alone"
"2023/11/03 1:03:03 AM GMT+6","I Agree","25","Male","Student","More than 6 hours","Computer/Laptop","Often","Always","Yes","Multiple times a day","Less than 1 hour","Yes","Educational content","Excitement","4","Occasionally","Frequently","Excellent","Weight loss","Rarely","High","Have lost interest","Occasionally","Yes","No","Rarely","Yes","More than a week","Improving productivity","No significant change","Yes","No","Used technology less","Difficulty staying disconnected","Take short breaks from screens","4","Rarely","Yes","I prefer to cope alone"
"2023/11/03 1:08:21 AM GMT+6","I Agree","24","Female","Student","More than 6 hours","Smartphone","Often","Always","Yes","Multiple times a day","3-4 hours","Yes","Entertainment (videos, movies, music)","Relaxation","2","Occasionally","Occasionally","Fair","Weight gain","Occasionally","Moderate","Still enjoy activities","Frequently","No","Yes","Occasionally","Yes","1-3 days","Improving productivity","Anxious or stressed","Yes","No","Used technology more mindfully","Difficulty staying disconnected","Take short breaks from screens","4","Occasionally","Yes","I seek support from friends or family"
"2023/11/03 1:19:49 AM GMT+6","I Agree","36","Male","Employed (full-time)","1-2 hours","Computer/Laptop","Rarely","Occasionally","Yes","Once a day","3-4 hours","Yes","Entertainment (videos, movies, music)","Relaxation","5","Not at all","Rarely","Fair","No changes","Never","High","Still enjoy activities","Rarely","Yes","Yes","Almost daily","Yes","More than a week","Curiosity or personal experiment","Relaxed and refreshed","Yes","Yes","Used technology more mindfully","None, it was easy and enjoyable","Practice mindfulness or meditation","5","Always","Yes","I prefer to cope alone"
"2023/11/03 6:02:21 AM GMT+6","I Agree","15","Female","Student","More than 6 hours","Smartphone","Always","Always","No","Multiple times a day","Less than 1 hour","Yes","entertainment, social media updates and educational content","Relaxation","4","Occasionally","Almost all the time","Good","No changes","Occasionally","High","Still enjoy activities","Occasionally","No","Yes","Occasionally","Yes","1-3 days","Improving productivity","Relaxed and refreshed","Yes","No","No change","FOMO (Fear of Missing Out)","Take short breaks from screens","3","Occasionally","Yes","I seek support from friends or family"
"2023/11/03 4:28:57 PM GMT+6","I Agree","17","Female","Student","Less than 1 hour","Smartphone","Always","Never","Yes","Once a day","1-2 hours","Yes","News and information","Relaxation","2","Not at all","Never","Good","No changes","Occasionally","Moderate","Still enjoy activities","Occasionally","No","Yes","Occasionally","Yes","Less than a day","Feeling overwhelmed or stressed","Relaxed and refreshed","Yes","Yes","Used technology less","Social pressure to stay connected","Take short breaks from screens","1","Occasionally","Yes","I prefer to cope alone"
"2023/11/03 8:08:33 PM GMT+6","I Agree","25","Male","Student","3-4 hours","Smartphone","Occasionally","Rarely","Yes","Multiple times a day","Less than 1 hour","Yes","News and information","Relaxation","2","Almost all the time","Occasionally","Poor","Increased appetite","Occasionally","Moderate","Have lost interest","Rarely","Yes","No","Rarely","Yes","1-3 days","Focusing on in-person relationships","Relaxed and refreshed","No","Yes","Used technology more mindfully","Social pressure to stay connected","Unplug from technology for a designated period","4","Frequently","Yes","I prefer to cope alone"
"2023/11/03 8:16:04 PM GMT+6","I Agree","23","Female","Student","More than 6 hours","Smartphone","Always","Always","Yes","Multiple times a day","Less than 1 hour","Yes","Social media updates","Joy","5","Occasionally","Occasionally","Good","Weight loss","Frequently","Moderate","Still enjoy activities","Occasionally","Yes","Yes","Almost daily","Yes","I have never practiced digital detox","I have never practiced digital detox","I have never practiced digital detox","No","No","I have never practiced digital detox","I have never practiced digital detox","Take short breaks from screens","3","Occasionally","Yes","I prefer to cope alone"
"2023/11/03 8:47:52 PM GMT+6","I Agree","23","Female","Student","5-6 hours","Smartphone","Always","Always","Yes","Multiple times a day","Less than 1 hour","Yes","Entertainment (videos, movies, music)","Anxiety","2","Frequently","Occasionally","Fair","Increased appetite","Frequently","Moderate","Still enjoy activities","Frequently","Yes","Yes","Rarely","No","I have never practiced digital detox","I have never practiced digital detox","I have never practiced digital detox","No","No","I have never practiced digital detox","FOMO (Fear of Missing Out)","Set specific time limits for technology use","2","Never","Yes","I prefer to cope alone"
"2023/11/03 8:54:03 PM GMT+6","I Agree","24","Male","Student","More than 6 hours","Smartphone","Always","Always","Yes","Multiple times a day","Less than 1 hour","Yes","Entertainment (videos, movies, music)","Relaxation","4","Not at all","Rarely","Good","No changes","Rarely","Low","Still enjoy activities","Occasionally","No","Yes","Occasionally","No","I have never practiced digital detox","I have never practiced digital detox","I have never practiced digital detox","No","Yes","I have never practiced digital detox","I have never practiced digital detox","Set specific time limits for technology use","3","Occasionally","Yes","I attend social events or gatherings"
"2023/11/03 8:56:15 PM GMT+6","I Agree","24","Male","Student","5-6 hours","Smartphone","Often","Often","Yes","Several times a week","3-4 hours","Yes","Social media updates","Stress","2","Occasionally","Occasionally","Fair","Weight loss","Occasionally","Moderate","Still enjoy activities","Occasionally","Yes","Yes","Frequently","Yes","I have never practiced digital detox","Noticing negative effects on mental health","Relaxed and refreshed","Yes","Yes","Used technology less","Difficulty staying disconnected","Set specific time limits for technology use","2","Rarely","Yes","I participate in online communities or forums"
"2023/11/03 8:58:02 PM GMT+6","I Agree","22","Female","Student","More than 6 hours","Smartphone","Always","Often","Yes","Multiple times a day","Less than 1 hour","Yes","Entertainment (videos, movies, music)","Relaxation","3","Occasionally","Occasionally","Good","Weight gain","Almost all the time","Moderate","Still enjoy activities","Occasionally","No","Yes","Occasionally","Yes","I have never practiced digital detox","Feeling overwhelmed or stressed","Anxious or stressed","No","Yes","Used technology less","Boredom","Engage in outdoor activities","1","Rarely","Yes","I seek support from friends or family"
"2023/11/03 9:00:35 PM GMT+6","I Agree","23","Male","Student","5-6 hours","Smartphone","Always","Always","Yes","Several times a week","Less than 1 hour","Yes","News and information","Joy","3","Occasionally","Occasionally","Fair","Weight gain","Occasionally","Moderate","Still enjoy activities","Occasionally","Yes","No","Rarely","No","I have never practiced digital detox","I have never practiced digital detox","I have never practiced digital detox","No","No","I have never practiced digital detox","I have never practiced digital detox","Take short breaks from screens","3","Never","No","I prefer to cope alone"
"2023/11/03 9:00:53 PM GMT+6","I Agree","26","Female","Student","3-4 hours","Smartphone","Often","Often","Yes","Multiple times a day","3-4 hours","Yes","Entertainment (videos, movies, music)","Joy","4","Occasionally","Occasionally","Good","No changes","Rarely","High","Still enjoy activities","Occasionally","No","Yes","Frequently","Yes","I have never practiced digital detox","I have never practiced digital detox","I have never practiced digital detox","No","No","I have never practiced digital detox","I have never practiced digital detox","Take short breaks from screens","4","Frequently","Yes","I prefer to cope alone"
"2023/11/03 9:01:24 PM GMT+6","I Agree","15","Male","Student","1-2 hours","Smartphone","Occasionally","Often","Yes","Multiple times a day","Less than 1 hour","Yes","Work-related content","Relaxation","3","Not at all","Frequently","Very Poor","Weight loss","Rarely","High","Still enjoy activities","Rarely","No","No","Almost daily","Yes","Less than a day","Improving productivity","Relaxed and refreshed","Yes","Yes","Used technology less","Social pressure to stay connected","Engage in outdoor activities","3","Always","Yes","I attend social events or gatherings"
"2023/11/03 9:04:56 PM GMT+6","I Agree","22","Female","Student","3-4 hours","Smartphone","Often","Occasionally","Yes","Multiple times a day","Less than 1 hour","Yes","Social media updates","Excitement","3","Occasionally","Occasionally","Fair","Loss of appetite","Rarely","Low","Have lost interest","Frequently","Yes","Yes","Occasionally","No","I have never practiced digital detox","I have never practiced digital detox","I have never practiced digital detox","No","Yes","I have never practiced digital detox","I have never practiced digital detox","Take short breaks from screens","2","Rarely","Yes","I prefer to cope alone"
"2023/11/03 9:07:33 PM GMT+6","I Agree","21","Male","Student","3-4 hours","Smartphone","Always","Always","Yes","Multiple times a day","5-6 hours","Yes","Entertainment (videos, movies, music)","Sadness","1","Almost all the time","Almost all the time","Fair","No changes","Frequently","Low","Have lost interest","Rarely","Yes","No","Rarely","Yes","Less than a day","Improving productivity","No significant change","No","No","No change","Boredom","Take short breaks from screens","3","Occasionally","Yes","I seek support from friends or family"
"2023/11/03 9:15:26 PM GMT+6","I Agree","24","Male","Student","5-6 hours","Smartphone","Always","Always","Yes","Multiple times a day","3-4 hours","Yes","Entertainment (videos, movies, music)","Joy","2","Frequently","Frequently","Poor","Loss of appetite","Occasionally","Low","Have lost interest","Frequently","Yes","No","Rarely","Yes","Less than a day","Noticing negative effects on mental health","Relaxed and refreshed","No","Yes","No change","Boredom","Engage in outdoor activities","4","Rarely","Yes","I prefer to cope alone"
"2023/11/03 9:18:55 PM GMT+6","I Agree","23","Female","Student","More than 6 hours","Smartphone","Always","Always","Yes","Multiple times a day","Less than 1 hour","Yes","Entertainment (videos, movies, music)","Sadness","2","Frequently","Almost all the time","Fair","Weight gain","Frequently","Moderate","Still enjoy activities","Frequently","Yes","No","Occasionally","Yes","Less than a day","Feeling overwhelmed or stressed","Relaxed and refreshed","Yes","Yes","Used technology more mindfully","Boredom","Engage in outdoor activities","5","Occasionally","Yes","I prefer to cope alone"
"2023/11/03 9:19:25 PM GMT+6","I Agree","23","Female","Student","5-6 hours","Smartphone","Rarely","Never","Yes","Multiple times a day","Less than 1 hour","Yes","Entertainment (videos, movies, music)","Relaxation","3","Frequently","Occasionally","Good","Loss of appetite","Frequently","Moderate","Still enjoy activities","Occasionally","Yes","No","Rarely","Yes","1-3 days","Feeling overwhelmed or stressed","No significant change","No","No","No change","Boredom","Take short breaks from screens","3","Rarely","Yes","I prefer to cope alone"
"2023/11/03 9:20:47 PM GMT+6","I Agree","24","Male","Student","More than 6 hours","Computer/Laptop","Always","Always","Yes","Multiple times a day","1-2 hours","Yes","Entertainment (videos, movies, music)","Excitement","5","Not at all","Rarely","Fair","Weight gain","Never","High","Still enjoy activities","Rarely","No","No","Almost daily","No","I have never practiced digital detox","I have never practiced digital detox","I have never practiced digital detox","No","No","I have never practiced digital detox","I have never practiced digital detox","Take short breaks from screens","5","Always","No","I prefer to cope alone"
"2023/11/03 9:22:41 PM GMT+6","I Agree","23","Female","Student","More than 6 hours","Computer/Laptop","Often","Always","Yes","Multiple times a day","1-2 hours","Yes","Entertainment (videos, movies, music)","Joy","3","Occasionally","Almost all the time","Fair","Weight gain","Occasionally","Moderate","Still enjoy activities","Occasionally","No","Yes","Rarely","Yes","1-3 days","Feeling overwhelmed or stressed","Relaxed and refreshed","Yes","Yes","Used technology more mindfully","Difficulty staying disconnected","Unplug from technology for a designated period","3","Rarely","Yes","I seek support from friends or family"
"2023/11/03 9:24:45 PM GMT+6","I Agree","23","Female","Student","5-6 hours","Smartphone","Often","Always","Yes","Multiple times a day","Less than 1 hour","Yes","Entertainment (videos, movies, music)","Joy","3","Occasionally","Frequently","Fair","Weight loss","Occasionally","Moderate","Have lost interest","Occasionally","Yes","No","Rarely","No","I have never practiced digital detox","I have never practiced digital detox","I have never practiced digital detox","No","No","I have never practiced digital detox","I have never practiced digital detox","Take short breaks from screens","2","Rarely","Yes","I prefer to cope alone"
"2023/11/03 9:25:49 PM GMT+6","I Agree","17","Male","Student","More than 6 hours","Smartphone","Always","Always","No","Multiple times a day","Less than 1 hour","Yes","News and information","Joy","3","Frequently","Rarely","Poor","Weight gain","Occasionally","Very High","Have lost interest","Almost all the time","No","Yes","Almost daily","No","4-7 days","Curiosity or personal experiment","Relaxed and refreshed","Yes","Yes","Used technology more mindfully","Difficulty staying disconnected","Practice mindfulness or meditation","1","Frequently","No","I seek support from friends or family"
"2023/11/03 9:32:27 PM GMT+6","I Agree","18","Male","Student","3-4 hours","Computer/Laptop","Always","Often","Yes","Multiple times a day","Less than 1 hour","Yes","Entertainment (videos, movies, music)","Relaxation","3","Occasionally","Never","Fair","No changes","Rarely","Moderate","Still enjoy activities","Occasionally","Yes","No","Frequently","Yes","More than a week","Noticing negative effects on mental health","No significant change","Yes","Yes","Used technology more mindfully","Boredom","Take short breaks from screens","3","Frequently","Yes","I prefer to cope alone"
"2023/11/03 9:35:39 PM GMT+6","I Agree","24","Male","Student","1-2 hours","Smartphone","Occasionally","Always","Yes","Multiple times a day","1-2 hours","Yes","Entertainment (videos, movies, music)","Joy","4","Occasionally","Occasionally","Good","No changes","Rarely","High","Still enjoy activities","Occasionally","No","Yes","Almost daily","Yes","1-3 days","Improving productivity","Relaxed and refreshed","Yes","Yes","Used technology less","Boredom","Take short breaks from screens","3","Always","Yes","I prefer to cope alone"
"2023/11/03 9:47:28 PM GMT+6","I Agree","17","Male","Student","More than 6 hours","Smartphone","Always","Always","Yes","Several times a week","Less than 1 hour","Yes","Entertainment (videos, movies, music)","Anxiety","1","Frequently","Almost all the time","Poor","No changes","Occasionally","Moderate","Still enjoy activities","Occasionally","Yes","No","Frequently","No","I have never practiced digital detox","I have never practiced digital detox","I have never practiced digital detox","No","Yes","I have never practiced digital detox","I have never practiced digital detox","Take short breaks from screens","3","Rarely","Yes","I prefer to cope alone"
"2023/11/03 9:52:36 PM GMT+6","I Agree","17","Male","Student","More than 6 hours","Smartphone","Always","Always","Yes","Multiple times a day","1-2 hours","Yes","Entertainment (videos, movies, music)","Joy","3","Occasionally","Rarely","Poor","No changes","Rarely","Very High","Still enjoy activities","Occasionally","No","Yes","Frequently","Yes","1-3 days","Curiosity or personal experiment","Anxious or stressed","Yes","No","Used technology less","Boredom","Engage in outdoor activities","3","Always","Yes","I attend social events or gatherings"
"2023/11/03 10:09:13 PM GMT+6","I Agree","21","Female","Student","More than 6 hours","Smartphone","Rarely","Often","Yes","Multiple times a day","5-6 hours","No","Entertainment (videos, movies, music)","Relaxation","3","Frequently","Frequently","Good","No changes","Frequently","Low","Have lost interest","Occasionally","Yes","Yes","Rarely","Yes","Less than a day","Improving productivity","No significant change","No","Yes","No change","None, it was easy and enjoyable","Practice mindfulness or meditation","3","Never","No","I prefer to cope alone"
"2023/11/03 10:19:55 PM GMT+6","I Agree","24","Male","Employed (part-time)","5-6 hours","Smartphone","Always","Often","Yes","Multiple times a day","1-2 hours","Yes","Entertainment (videos, movies, music)","Frustration","4","Occasionally","Frequently","Poor","Loss of appetite","Frequently","Moderate","Still enjoy activities","Occasionally","Yes","Yes","Occasionally","Yes","More than a week","Noticing negative effects on mental health","Relaxed and refreshed","Yes","Yes","Used technology more mindfully","Boredom","Take short breaks from screens","3","Rarely","Yes","I prefer to cope alone"
"2023/11/03 10:24:00 PM GMT+6","I Agree","25","Male","Employed (full-time)","More than 6 hours","Computer/Laptop","Always","Always","Yes","Multiple times a day","Less than 1 hour","Yes","Work-related content","Excitement","3","Occasionally","Occasionally","Good","No changes","Never","High","Still enjoy activities","Occasionally","No","Yes","Rarely","No","I have never practiced digital detox","I have never practiced digital detox","I have never practiced digital detox","No","No","I have never practiced digital detox","I have never practiced digital detox","Unplug from technology for a designated period","1","Occasionally","Yes","I prefer to cope alone"
"2023/11/03 10:38:14 PM GMT+6","I Agree","25","Male","Student","More than 6 hours","Computer/Laptop","Always","Always","Yes","Multiple times a day","More than 6 hours","Yes","Entertainment (videos, movies, music)","Relaxation","5","Occasionally","Frequently","Excellent","Weight gain","Occasionally","High","Still enjoy activities","Occasionally","Yes","Yes","Rarely","No","I have never practiced digital detox","I have never practiced digital detox","I have never practiced digital detox","No","No","I have never practiced digital detox","I have never practiced digital detox","Engage in outdoor activities","4","Rarely","Yes","I seek support from friends or family"
"2023/11/03 10:38:59 PM GMT+6","I Agree","17","Male","Student","More than 6 hours","Smartphone","Often","Always","Yes","Multiple times a day","Less than 1 hour","Yes","Entertainment (videos, movies, music)","Relaxation","3","Occasionally","Occasionally","Good","Weight gain","Rarely","Low","Have lost interest","Occasionally","Yes","No","Occasionally","No","I have never practiced digital detox","I have never practiced digital detox","I have never practiced digital detox","No","Yes","I have never practiced digital detox","I have never practiced digital detox","Take short breaks from screens","3","Occasionally","Yes","I prefer to cope alone"
"2023/11/03 10:59:16 PM GMT+6","I Agree","24","Male","Student","More than 6 hours","Smartphone","Always","Always","Yes","Several times a week","Less than 1 hour","Yes","Entertainment (videos, movies, music)","Joy","4","Occasionally","Occasionally","Fair","No changes","Occasionally","High","Still enjoy activities","Rarely","No","Yes","Frequently","Yes","More than a week","Noticing negative effects on mental health","Relaxed and refreshed","Yes","Yes","No change","Difficulty staying disconnected","Engage in outdoor activities","4","Frequently","Yes","I seek support from friends or family"
"2023/11/04 12:13:31 AM GMT+6","I Agree","22","Male","Student","3-4 hours","Smartphone","Always","Always","Yes","Several times a week","1-2 hours","Yes","Entertainment (videos, movies, music)","Joy","5","Occasionally","Occasionally","Fair","Weight loss","Rarely","Very High","Still enjoy activities","Occasionally","No","Yes","Rarely","No","I have never practiced digital detox","I have never practiced digital detox","I have never practiced digital detox","No","No","I have never practiced digital detox","I have never practiced digital detox","Take short breaks from screens","5","Always","Yes","I prefer to cope alone"
"2023/11/04 12:18:35 AM GMT+6","I Agree","23","Male","Employed (part-time)","1-2 hours","Smartphone","Rarely","Rarely","Yes","Once a day","Less than 1 hour","Yes","Entertainment (videos, movies, music)","Excitement","5","Occasionally","Rarely","Excellent","No changes","Rarely","Very High","Still enjoy activities","Rarely","No","Yes","Occasionally","No","I have never practiced digital detox","I have never practiced digital detox","I have never practiced digital detox","No","No","I have never practiced digital detox","I have never practiced digital detox","Talk to friends or family about technology-related stress","5","Occasionally","Yes","I attend social events or gatherings"
"2023/11/04 12:26:00 AM GMT+6","I Agree","23","Male","Student","More than 6 hours","Smartphone","Always","Always","Yes","Multiple times a day","1-2 hours","Yes","Entertainment (videos, movies, music)","Joy","2","Almost all the time","Frequently","Poor","Weight gain","Never","Very low","Have lost interest","Frequently","Yes","Yes","Occasionally","Yes","Less than a day","Noticing negative effects on mental health","Relaxed and refreshed","Yes","Yes","I have never practiced digital detox","I have never practiced digital detox","Set specific time limits for technology use","3","Occasionally","Yes","I attend social events or gatherings"
"2023/11/04 1:09:58 AM GMT+6","I Agree","24","Female","Student","More than 6 hours","Smartphone","Always","Always","Yes","Multiple times a day","Less than 1 hour","Yes","Entertainment (videos, movies, music)","Stress","4","Almost all the time","Almost all the time","Very Poor","Loss of appetite","Frequently","Very low","Have lost interest","Almost all the time","Yes","No","Rarely","No","I have never practiced digital detox","I have never practiced digital detox","I have never practiced digital detox","No","No","I have never practiced digital detox","I have never practiced digital detox","Take short breaks from screens","3","Never","No","I prefer to cope alone"
"2023/11/04 1:49:59 AM GMT+6","I Agree","23 :( ","Others","Student","More than 6 hours","Computer/Laptop","Always","Always","Yes","Multiple times a day","Less than 1 hour","Yes","All of the above","Relaxation","5","Occasionally","Frequently","Very Poor","No changes","Rarely","High","Still enjoy activities","Occasionally","Yes","Yes","Frequently","Yes","1-3 days","Feeling overwhelmed or stressed","Relaxed and refreshed","No","No","Uhhhhhhhhhhhhhhhh","None, it was easy and enjoyable","Engage in outdoor activities","4","Occasionally","Yes","My University got more stressed than Technology ever could. Since, I have to use technology to do most of my university works, I often associate it with stress and hence end up taking break from it after the week or semester ends"
"2023/11/04 2:04:27 AM GMT+6","I Agree","22","Male","Student","More than 6 hours","Computer/Laptop","Always","Always","Yes","Multiple times a day","1-2 hours","Yes","News and information","Stress","3","Frequently","Occasionally","Very Poor","Loss of appetite","Rarely","Moderate","Still enjoy activities","Occasionally","Yes","Yes","Occasionally","No","I have never practiced digital detox","I have never practiced digital detox","I have never practiced digital detox","No","Yes","I have never practiced digital detox","I have never practiced digital detox","Take short breaks from screens","4","Occasionally","Yes","I prefer to cope alone"
"2023/11/04 4:00:32 AM GMT+6","I Agree","22","Male","Student","More than 6 hours","Smartphone","Always","Always","Yes","Several times a week","Less than 1 hour","Yes","Entertainment (videos, movies, music)","Relaxation","2","Frequently","Occasionally","Fair","No changes","Rarely","Very low","Have lost interest","Occasionally","Yes","No","Rarely","No","I have never practiced digital detox","I have never practiced digital detox","I have never practiced digital detox","No","Yes","I have never practiced digital detox","I have never practiced digital detox","Take short breaks from screens","2","Never","Yes","I prefer to cope alone"
"2023/11/04 4:18:37 AM GMT+6","I Agree","30","Female","Employed (full-time)","3-4 hours","Smartphone","Often","Often","Yes","Rarely or never","Less than 1 hour","Yes","Entertainment (videos, movies, music)","Relaxation","2","Occasionally","Occasionally","Poor","No changes","Occasionally","Moderate","Still enjoy activities","Occasionally","Yes","No","Occasionally","Yes","More than a week","Curiosity or personal experiment","No significant change","No","No","No change","I have never practiced digital detox","Take short breaks from screens","2","Rarely","Yes","I attend social events or gatherings"
"2023/11/04 12:37:20 PM GMT+6","I Agree","22","Female","Student","More than 6 hours","Smartphone","Always","Always","Yes","Multiple times a day","1-2 hours","Yes","Entertainment (videos, movies, music)","Stress","2","Frequently","Rarely","Good","Increased appetite","Frequently","Moderate","Still enjoy activities","Frequently","Yes","Yes","Occasionally","No","Less than a day","I have never practiced digital detox","I have never practiced digital detox","No","Yes","I have never practiced digital detox","I have never practiced digital detox","Take short breaks from screens","4","Occasionally","Yes","I prefer to cope alone"
"2023/11/05 7:05:25 AM GMT+6","I Agree","19 years","Male","Student","More than 6 hours","Smartphone","Always","Always","Yes","Several times a week","5-6 hours","Yes","Social media updates","Sadness","1","Frequently","Almost all the time","Very Poor","Weight loss","Occasionally","Low","Still enjoy activities","Almost all the time","Yes","Yes","Occasionally","Yes","1-3 days","Improving productivity","Anxious or stressed","Yes","No","Used technology more mindfully","Boredom","Set specific time limits for technology use","3","Occasionally","Yes","I prefer to cope alone"
"2023/11/05 11:03:15 PM GMT+6","I Agree","25","Female","Employed (full-time)","More than 6 hours","Smartphone","Always","Always","Yes","Multiple times a day","1-2 hours","Yes","Entertainment (videos, movies, music)","Relaxation","4","Occasionally","Occasionally","Good","Weight loss","Frequently","Moderate","Still enjoy activities","Frequently","No","Yes","Rarely","No","I have never practiced digital detox","I have never practiced digital detox","I have never practiced digital detox","No","No","I have never practiced digital detox","I have never practiced digital detox","Take short breaks from screens","3","Rarely","Yes","I seek support from friends or family"
"2023/11/06 1:59:53 AM GMT+6","I Agree","23","Female","Student","More than 6 hours","Smartphone","Often","Always","Yes","Multiple times a day","3-4 hours","Yes","Entertainment (videos, movies, music)","Anxiety","3","Occasionally","Occasionally","Poor","Increased appetite","Occasionally","Moderate","Have lost interest","Frequently","No","Yes","Occasionally","Yes","1-3 days","Feeling overwhelmed or stressed","Relaxed and refreshed","Yes","Yes","Used technology more mindfully","None, it was easy and enjoyable","Take short breaks from screens","3","Occasionally","Yes","I prefer to cope alone"